state_abb,county_name,votes_all,dem_margin
AL,AUTAUGA,28281,-0.46
AL,BALDWIN,122249,-0.58
AL,BARBOUR,9855,-0.15
AL,BIBB,9257,-0.64
AL,BLOUNT,28163,-0.81
AL,BULLOCK,4111,0.46
AL,BUTLER,8480,-0.23
AL,CALHOUN,48653,-0.45
AL,CHAMBERS,14245,-0.23
AL,CHEROKEE,13006,-0.75
AL,CHILTON,19763,-0.72
AL,CHOCTAW,6656,-0.24
AL,CLARKE,11958,-0.17
AL,CLAY,6767,-0.7
AL,CLEBURNE,7651,-0.83
AL,COFFEE,22319,-0.58
AL,COLBERT,27160,-0.46
AL,CONECUH,6051,-0.14
AL,COOSA,5268,-0.43
AL,COVINGTON,17095,-0.72
AL,CRENSHAW,6486,-0.55
AL,CULLMAN,43146,-0.8
AL,DALE,19139,-0.52
AL,DALLAS,15547,0.32
AL,DEKALB,29660,-0.74
AL,ELMORE,41624,-0.52
AL,ESCAMBIA,14957,-0.46
AL,ETOWAH,46137,-0.56
AL,FAYETTE,8369,-0.72
AL,FRANKLIN,12097,-0.73
AL,GENEVA,12401,-0.77
AL,GREENE,4039,0.56
AL,HALE,7305,0.07
AL,HENRY,9320,-0.51
AL,HOUSTON,44349,-0.48
AL,JACKSON,23556,-0.71
AL,JEFFERSON,298704,0.1
AL,LAMAR,6890,-0.76
AL,LAUDERDALE,43637,-0.51
AL,LAWRENCE,16122,-0.62
AL,LEE,73127,-0.28
AL,LIMESTONE,53332,-0.44
AL,LOWNDES,5655,0.37
AL,MACON,7834,0.56
AL,MADISON,197617,-0.09
AL,MARENGO,9682,-0.04
AL,MARION,13543,-0.82
AL,MARSHALL,40388,-0.72
AL,MOBILE,175164,-0.16
AL,MONROE,9815,-0.23
AL,MONTGOMERY,89798,0.31
AL,MORGAN,53543,-0.52
AL,PERRY,4465,0.43
AL,PICKENS,8912,-0.23
AL,PIKE,13234,-0.25
AL,RANDOLPH,11091,-0.65
AL,RUSSELL,20718,0.02
AL,ST. CLAIR,43526,-0.64
AL,SHELBY,114698,-0.41
AL,SUMTER,5307,0.41
AL,TALLADEGA,33250,-0.34
AL,TALLAPOOSA,20023,-0.49
AL,TUSCALOOSA,85256,-0.2
AL,WALKER,29786,-0.72
AL,WASHINGTON,8441,-0.55
AL,WILCOX,5263,0.31
AL,WINSTON,11149,-0.83
AZ,APACHE,32101,0.19
AZ,COCHISE,59135,-0.23
AZ,COCONINO,70374,0.2
AZ,GILA,27698,-0.38
AZ,GRAHAM,15215,-0.48
AZ,GREENLEE,3316,-0.41
AZ,LA PAZ,7643,-0.44
AZ,MARICOPA,2061574,-0.03
AZ,MOHAVE,110693,-0.56
AZ,NAVAJO,50847,-0.17
AZ,PIMA,515027,0.15
AZ,PINAL,210173,-0.22
AZ,SANTA CRUZ,19167,0.19
AZ,YAVAPAI,149428,-0.34
AZ,YUMA,68335,-0.2
AR,ARKANSAS,5547,-0.44
AR,ASHLEY,7030,-0.48
AR,BAXTER,20954,-0.57
AR,BENTON,128595,-0.27
AR,BOONE,17112,-0.65
AR,BRADLEY,3209,-0.39
AR,CALHOUN,2092,-0.62
AR,CARROLL,11538,-0.32
AR,CHICOT,3490,0.04
AR,CLARK,7657,-0.2
AR,CLAY,4967,-0.62
AR,CLEBURNE,12739,-0.68
AR,CLEVELAND,3374,-0.68
AR,COLUMBIA,7940,-0.36
AR,CONWAY,8541,-0.4
AR,CRAIGHEAD,37242,-0.37
AR,CRAWFORD,23834,-0.58
AR,CRITTENDEN,14681,0.02
AR,CROSS,6534,-0.48
AR,DALLAS,2324,-0.3
AR,DESHA,3505,-0.05
AR,DREW,6365,-0.34
AR,FAULKNER,54465,-0.32
AR,FRANKLIN,6971,-0.62
AR,FULTON,5043,-0.62
AR,GARLAND,42327,-0.36
AR,GRANT,8078,-0.69
AR,GREENE,15820,-0.61
AR,HEMPSTEAD,6089,-0.4
AR,HOT SPRING,12283,-0.52
AR,HOWARD,4473,-0.47
AR,INDEPENDENCE,14011,-0.6
AR,IZARD,5925,-0.66
AR,JACKSON,4775,-0.49
AR,JEFFERSON,21608,0.2
AR,JOHNSON,9059,-0.51
AR,LAFAYETTE,2325,-0.38
AR,LAWRENCE,5692,-0.64
AR,LEE,2520,0.03
AR,LINCOLN,3372,-0.5
AR,LITTLE RIVER,4899,-0.54
AR,LOGAN,8205,-0.62
AR,LONOKE,30620,-0.54
AR,MADISON,7501,-0.59
AR,MARION,7851,-0.6
AR,MILLER,15803,-0.51
AR,MISSISSIPPI,10717,-0.32
AR,MONROE,2433,-0.16
AR,MONTGOMERY,3707,-0.63
AR,NEVADA,2907,-0.4
AR,NEWTON,3770,-0.64
AR,OUACHITA,8626,-0.19
AR,PERRY,4584,-0.58
AR,PHILLIPS,4938,0.13
AR,PIKE,4358,-0.73
AR,POINSETT,7079,-0.64
AR,POLK,8288,-0.7
AR,POPE,24191,-0.52
AR,PRAIRIE,3200,-0.66
AR,PULASKI,153924,0.22
AR,RANDOLPH,6636,-0.64
AR,ST. FRANCIS,5979,0.01
AR,SALINE,57609,-0.4
AR,SCOTT,3384,-0.74
AR,SEARCY,3869,-0.72
AR,SEBASTIAN,45452,-0.38
AR,SEVIER,4714,-0.62
AR,SHARP,7437,-0.63
AR,STONE,6030,-0.62
AR,UNION,15448,-0.33
AR,VAN BUREN,7621,-0.6
AR,WASHINGTON,97158,-0.07
AR,WHITE,30837,-0.61
AR,WOODRUFF,2318,-0.33
AR,YELL,6477,-0.61
CA,ALAMEDA,669907,0.54
CA,ALPINE,744,0.32
CA,AMADOR,22527,-0.28
CA,BUTTE,94556,-0.03
CA,CALAVERAS,26480,-0.28
CA,COLUSA,7021,-0.28
CA,CONTRA COSTA,528987,0.38
CA,DEL NORTE,10565,-0.16
CA,EL DORADO,111908,-0.12
CA,FRESNO,326049,-0.04
CA,GLENN,10442,-0.35
CA,HUMBOLDT,64643,0.28
CA,IMPERIAL,54038,-0.01
CA,INYO,8953,-0.03
CA,KERN,283284,-0.21
CA,KINGS,41508,-0.23
CA,LAKE,26896,-0.01
CA,LASSEN,11415,-0.54
CA,LOS ANGELES,3747099,0.33
CA,MADERA,54632,-0.21
CA,MARIN,144129,0.64
CA,MARIPOSA,9509,-0.21
CA,MENDOCINO,39219,0.27
CA,MERCED,86684,-0.04
CA,MODOC,4027,-0.47
CA,MONO,6064,0.2
CA,MONTEREY,146754,0.3
CA,NAPA,65561,0.35
CA,NEVADA,62144,0.12
CA,ORANGE,1391307,0.03
CA,PLACER,234871,-0.08
CA,PLUMAS,10070,-0.17
CA,RIVERSIDE,940510,-0.01
CA,SACRAMENTO,656747,0.2
CA,SAN BENITO,27652,0.13
CA,SAN BERNARDINO,761846,-0.02
CA,SAN DIEGO,1478028,0.17
CA,SAN FRANCISCO,402997,0.65
CA,SAN JOAQUIN,264916,-0.01
CA,SAN LUIS OBISPO,150812,0.11
CA,SAN MATEO,330565,0.5
CA,SANTA BARBARA,185689,0.27
CA,SANTA CLARA,750606,0.4
CA,SANTA CRUZ,134981,0.54
CA,SHASTA,88919,-0.37
CA,SIERRA,1755,-0.24
CA,SISKIYOU,21498,-0.19
CA,SOLANO,190573,0.23
CA,SONOMA,251465,0.46
CA,STANISLAUS,198558,-0.11
CA,SUTTER,39339,-0.31
CA,TEHAMA,26536,-0.42
CA,TRINITY,5677,-0.09
CA,TULARE,138309,-0.21
CA,TUOLUMNE,28816,-0.22
CA,VENTURA,387704,0.15
CA,YOLO,92621,0.36
CA,YUBA,30072,-0.26
CO,ADAMS,233491,0.09
CO,ALAMOSA,7529,-0.11
CO,ARAPAHOE,325631,0.2
CO,ARCHULETA,9357,-0.14
CO,BACA,2004,-0.7
CO,BENT,2189,-0.39
CO,BOULDER,196304,0.56
CO,BROOMFIELD,46848,0.29
CO,CHAFFEE,14423,0.14
CO,CHEYENNE,1055,-0.78
CO,CLEAR CREEK,6102,0.17
CO,CONEJOS,4105,-0.18
CO,COSTILLA,2080,0.15
CO,CROWLEY,1706,-0.48
CO,CUSTER,3867,-0.36
CO,DELTA,19478,-0.36
CO,DENVER,363519,0.56
CO,DOLORES,1419,-0.53
CO,DOUGLAS,243892,-0.07
CO,EAGLE,27805,0.24
CO,ELBERT,20422,-0.51
CO,EL PASO,380986,-0.1
CO,FREMONT,25470,-0.39
CO,GARFIELD,30376,0.02
CO,GILPIN,4130,0.13
CO,GRAND,9884,-0.01
CO,GUNNISON,10942,0.29
CO,HINSDALE,607,-0.12
CO,HUERFANO,4442,-0.09
CO,JACKSON,834,-0.55
CO,JEFFERSON,361716,0.19
CO,KIOWA,863,-0.74
CO,KIT CARSON,3698,-0.68
CO,LAKE,3913,0.16
CO,LA PLATA,35692,0.19
CO,LARIMER,225654,0.18
CO,LAS ANIMAS,7793,-0.13
CO,LINCOLN,2571,-0.64
CO,LOGAN,10166,-0.57
CO,MESA,91620,-0.24
CO,MINERAL,753,-0.13
CO,MOFFAT,6671,-0.63
CO,MONTEZUMA,15139,-0.21
CO,MONTROSE,25626,-0.33
CO,MORGAN,13465,-0.49
CO,OTERO,8926,-0.26
CO,OURAY,4098,0.21
CO,PARK,12049,-0.16
CO,PHILLIPS,2355,-0.63
CO,PITKIN,11169,0.44
CO,PROWERS,5145,-0.51
CO,PUEBLO,85120,-0.05
CO,RIO BLANCO,3692,-0.64
CO,RIO GRANDE,6194,-0.23
CO,ROUTT,16335,0.28
CO,SAGUACHE,3401,0.04
CO,SAN JUAN,589,0.32
CO,SAN MIGUEL,4804,0.5
CO,SEDGWICK,1358,-0.56
CO,SUMMIT,17545,0.37
CO,TELLER,16338,-0.35
CO,WASHINGTON,2806,-0.75
CO,WELD,179921,-0.21
CO,YUMA,4663,-0.65
CT,FAIRFIELD,452303,0.2
CT,HARTFORD,429325,0.22
CT,LITCHFIELD,105969,-0.08
CT,MIDDLESEX,97519,0.13
CT,NEW HAVEN,397987,0.12
CT,NEW LONDON,137500,0.13
CT,TOLLAND,81520,0.08
CT,WINDHAM,56887,-0.1
DE,KENT,88289,0.02
DE,NEW CASTLE,276859,0.32
DE,SUSSEX,147764,-0.11
DC,DISTRICT OF COLUMBIA,325869,0.84
FL,ALACHUA,137282,0.21
FL,BAKER,15011,-0.73
FL,BAY,98157,-0.47
FL,BRADFORD,13952,-0.57
FL,BREVARD,363015,-0.21
FL,BROWARD,877262,0.17
FL,CALHOUN,6444,-0.68
FL,CHARLOTTE,124118,-0.34
FL,CITRUS,98540,-0.46
FL,CLAY,127302,-0.39
FL,COLLIER,217434,-0.33
FL,COLUMBIA,33690,-0.5
FL,DESOTO,12525,-0.43
FL,DIXIE,8163,-0.7
FL,DUVAL,473333,-0.01
FL,ESCAMBIA,163504,-0.19
FL,FLAGLER,80217,-0.28
FL,FRANKLIN,6785,-0.44
FL,GADSDEN,21932,0.31
FL,GILCHRIST,10725,-0.68
FL,GLADES,5300,-0.53
FL,GULF,8724,-0.54
FL,HAMILTON,5752,-0.39
FL,HARDEE,8160,-0.56
FL,HENDRY,13487,-0.38
FL,HERNANDO,111052,-0.37
FL,HIGHLANDS,52031,-0.41
FL,HILLSBOROUGH,674907,-0.03
FL,HOLMES,9132,-0.8
FL,INDIAN RIVER,99493,-0.27
FL,JACKSON,22152,-0.46
FL,JEFFERSON,8532,-0.18
FL,LAFAYETTE,3767,-0.76
FL,LAKE,227514,-0.25
FL,LEE,394105,-0.28
FL,LEON,157727,0.22
FL,LEVY,24451,-0.5
FL,LIBERTY,3496,-0.67
FL,MADISON,9176,-0.29
FL,MANATEE,229812,-0.23
FL,MARION,214743,-0.32
FL,MARTIN,98796,-0.31
FL,MIAMI-DADE,1097209,-0.11
FL,MONROE,44502,-0.18
FL,NASSAU,65934,-0.47
FL,OKALOOSA,114225,-0.42
FL,OKEECHOBEE,16096,-0.54
FL,ORANGE,609607,0.14
FL,OSCEOLA,173289,-0.01
FL,PALM BEACH,748489,0.01
FL,PASCO,319664,-0.25
FL,PINELLAS,519340,-0.05
FL,POLK,350114,-0.21
FL,PUTNAM,36370,-0.48
FL,ST. JOHNS,198496,-0.31
FL,ST. LUCIE,185732,-0.09
FL,SANTA ROSA,112910,-0.51
FL,SARASOTA,279101,-0.18
FL,SEMINOLE,254860,-0.03
FL,SUMTER,105608,-0.37
FL,SUWANNEE,21957,-0.61
FL,TAYLOR,10022,-0.59
FL,UNION,6246,-0.68
FL,VOLUSIA,311644,-0.22
FL,WAKULLA,19923,-0.44
FL,WALTON,49802,-0.57
FL,WASHINGTON,12625,-0.65
GA,APPLING,8334,-0.62
GA,ATKINSON,3057,-0.54
GA,BACON,4839,-0.73
GA,BAKER,1476,-0.2
GA,BALDWIN,18891,-0.02
GA,BANKS,10555,-0.78
GA,BARROW,44157,-0.4
GA,BARTOW,57680,-0.51
GA,BEN HILL,6501,-0.32
GA,BERRIEN,8068,-0.7
GA,BIBB,69615,0.22
GA,BLECKLEY,6049,-0.55
GA,BRANTLEY,8500,-0.82
GA,BROOKS,7210,-0.27
GA,BRYAN,24663,-0.36
GA,BULLOCH,32657,-0.29
GA,BURKE,11075,-0.09
GA,BUTTS,13020,-0.45
GA,CALHOUN,2056,0.12
GA,CAMDEN,26482,-0.36
GA,CANDLER,4568,-0.48
GA,CARROLL,60756,-0.41
GA,CATOOSA,35097,-0.55
GA,CHARLTON,4628,-0.56
GA,CHATHAM,142043,0.18
GA,CHATTAHOOCHEE,1694,-0.17
GA,CHATTOOGA,10708,-0.64
GA,CHEROKEE,162591,-0.39
GA,CLARKE,53107,0.38
GA,CLAY,1442,0.07
GA,CLAYTON,112727,0.69
GA,CLINCH,2908,-0.52
GA,COBB,404859,0.15
GA,COFFEE,15716,-0.45
GA,COLQUITT,16612,-0.5
GA,COLUMBIA,86182,-0.26
GA,COOK,7357,-0.46
GA,COWETA,86416,-0.34
GA,CRAWFORD,6340,-0.5
GA,CRISP,8116,-0.26
GA,DADE,8211,-0.66
GA,DAWSON,19623,-0.65
GA,DECATUR,11549,-0.24
GA,DEKALB,368182,0.64
GA,DODGE,8350,-0.5
GA,DOOLY,4177,-0.08
GA,DOUGHERTY,33850,0.41
GA,DOUGLAS,71153,0.31
GA,EARLY,4879,-0.11
GA,ECHOLS,1438,-0.82
GA,EFFINGHAM,36297,-0.49
GA,ELBERT,9589,-0.43
GA,EMANUEL,9619,-0.44
GA,EVANS,4244,-0.42
GA,FANNIN,16158,-0.65
GA,FAYETTE,74956,-0.03
GA,FLOYD,44854,-0.42
GA,FORSYTH,138501,-0.33
GA,FRANKLIN,12191,-0.72
GA,FULTON,539697,0.44
GA,GILMER,18500,-0.63
GA,GLASCOCK,1670,-0.84
GA,GLYNN,44005,-0.26
GA,GORDON,27657,-0.63
GA,GRADY,10718,-0.38
GA,GREENE,12788,-0.29
GA,GWINNETT,424351,0.16
GA,HABERSHAM,23370,-0.65
GA,HALL,102510,-0.44
GA,HANCOCK,4240,0.35
GA,HARALSON,16384,-0.74
GA,HARRIS,22355,-0.46
GA,HART,14405,-0.55
GA,HEARD,6225,-0.72
GA,HENRY,130117,0.29
GA,HOUSTON,81781,-0.11
GA,IRWIN,4354,-0.54
GA,JACKSON,47375,-0.55
GA,JASPER,9130,-0.58
GA,JEFF DAVIS,5872,-0.68
GA,JEFFERSON,7494,-0.01
GA,JENKINS,3417,-0.3
GA,JOHNSON,3984,-0.46
GA,JONES,16092,-0.38
GA,LAMAR,10412,-0.46
GA,LANIER,3736,-0.46
GA,LAURENS,23352,-0.33
GA,LEE,17730,-0.43
GA,LIBERTY,23150,0.17
GA,LINCOLN,4931,-0.45
GA,LONG,7056,-0.29
GA,LOWNDES,48030,-0.18
GA,LUMPKIN,17874,-0.61
GA,MCDUFFIE,10582,-0.25
GA,MCINTOSH,7408,-0.29
GA,MACON,4686,0.18
GA,MADISON,16851,-0.55
GA,MARION,3621,-0.3
GA,MERIWETHER,11846,-0.25
GA,MILLER,2724,-0.51
GA,MITCHELL,8877,-0.16
GA,MONROE,17706,-0.47
GA,MONTGOMERY,3973,-0.53
GA,MORGAN,13181,-0.46
GA,MURRAY,17468,-0.72
GA,MUSCOGEE,80491,0.23
GA,NEWTON,59477,0.15
GA,OCONEE,27370,-0.36
GA,OGLETHORPE,8822,-0.42
GA,PAULDING,95524,-0.24
GA,PEACH,13454,-0.06
GA,PICKENS,20997,-0.66
GA,PIERCE,9790,-0.77
GA,PIKE,12549,-0.73
GA,POLK,19199,-0.6
GA,PULASKI,4341,-0.4
GA,PUTNAM,12878,-0.42
GA,QUITMAN,1140,-0.15
GA,RABUN,10492,-0.57
GA,RANDOLPH,3002,0.08
GA,RICHMOND,83587,0.36
GA,ROCKDALE,45471,0.47
GA,SCHLEY,2428,-0.62
GA,SCREVEN,6920,-0.25
GA,SEMINOLE,4007,-0.41
GA,SPALDING,33208,-0.17
GA,STEPHENS,13163,-0.63
GA,STEWART,2028,0.16
GA,SUMTER,12117,0.02
GA,TALBOT,3395,0.12
GA,TALIAFERRO,884,0.15
GA,TATTNALL,8512,-0.53
GA,TAYLOR,3982,-0.31
GA,TELFAIR,4214,-0.39
GA,TERRELL,4341,0.04
GA,THOMAS,22081,-0.24
GA,TIFT,17028,-0.36
GA,TOOMBS,10913,-0.51
GA,TOWNS,8838,-0.62
GA,TREUTLEN,3121,-0.44
GA,TROUP,31309,-0.24
GA,TURNER,3833,-0.28
GA,TWIGGS,4467,-0.15
GA,UNION,17957,-0.62
GA,UPSON,13662,-0.4
GA,WALKER,32160,-0.59
GA,WALTON,58494,-0.46
GA,WARE,14472,-0.43
GA,WARE,14472,-0.43
GA,WARREN,2592,0.05
GA,WASHINGTON,9493,-0.02
GA,WAYNE,13561,-0.6
GA,WEBSTER,1336,-0.18
GA,WHEELER,2276,-0.45
GA,WHITE,16883,-0.68
GA,WHITFIELD,39938,-0.44
GA,WILCOX,3347,-0.49
GA,WILKES,5099,-0.17
GA,WILKINSON,4908,-0.18
GA,WORTH,9324,-0.5
HI,HAWAII,82823,0.28
HI,HONOLULU,340921,0.22
HI,KAUAI,30064,0.2
HI,MAUI,62893,0.26
ID,ADA,269433,-0.1
ID,ADAMS,2681,-0.55
ID,BANNOCK,40226,-0.25
ID,BEAR LAKE,3325,-0.77
ID,BENEWAH,5145,-0.61
ID,BINGHAM,20651,-0.6
ID,BLAINE,13089,0.32
ID,BOISE,4910,-0.54
ID,BONNER,29853,-0.46
ID,BONNEVILLE,56436,-0.45
ID,BOUNDARY,7110,-0.65
ID,BUTTE,1494,-0.72
ID,CAMAS,728,-0.54
ID,CANYON,101030,-0.47
ID,CARIBOU,3456,-0.71
ID,CASSIA,9592,-0.69
ID,CLARK,333,-0.69
ID,CLEARWATER,4420,-0.63
ID,CUSTER,2650,-0.53
ID,ELMORE,10672,-0.49
ID,FRANKLIN,7184,-0.78
ID,FREMONT,6833,-0.69
ID,GEM,10663,-0.66
ID,GOODING,5936,-0.6
ID,IDAHO,9867,-0.68
ID,JEFFERSON,15918,-0.73
ID,JEROME,7946,-0.54
ID,KOOTENAI,96848,-0.52
ID,LATAH,20606,-0.08
ID,LEMHI,4874,-0.55
ID,LEWIS,1846,-0.65
ID,LINCOLN,1923,-0.56
ID,MADISON,17363,-0.64
ID,MINIDOKA,7948,-0.63
ID,NEZ PERCE,20210,-0.38
ID,ONEIDA,2466,-0.76
ID,OWYHEE,4950,-0.68
ID,PAYETTE,11761,-0.63
ID,POWER,3021,-0.45
ID,SHOSHONE,6132,-0.49
ID,TETON,6741,0.07
ID,TWIN FALLS,37558,-0.49
ID,VALLEY,7240,-0.19
ID,WASHINGTON,5555,-0.61
IL,ADAMS,31900,-0.47
IL,ALEXANDER,2276,-0.19
IL,BOND,8016,-0.45
IL,BOONE,24357,-0.14
IL,BROWN,2465,-0.6
IL,BUREAU,16071,-0.24
IL,CALHOUN,2684,-0.56
IL,CARROLL,7857,-0.32
IL,CASS,5241,-0.43
IL,CHAMPAIGN,90256,0.24
IL,CHRISTIAN,15600,-0.47
IL,CLARK,8228,-0.51
IL,CLAY,6778,-0.67
IL,CLINTON,19306,-0.52
IL,COLES,21613,-0.28
IL,COOK,2079239,0.41
IL,CRAWFORD,8954,-0.52
IL,CUMBERLAND,5792,-0.62
IL,DEKALB,47570,0.02
IL,DE WITT,7768,-0.45
IL,DOUGLAS,8448,-0.46
IL,DUPAGE,460668,0.13
IL,EDGAR,7928,-0.52
IL,EDWARDS,3295,-0.71
IL,EFFINGHAM,19154,-0.6
IL,FAYETTE,9626,-0.65
IL,FORD,6575,-0.48
IL,FRANKLIN,17739,-0.5
IL,FULTON,16212,-0.24
IL,GALLATIN,2535,-0.54
IL,GREENE,6075,-0.58
IL,GRUNDY,26668,-0.29
IL,HAMILTON,4194,-0.63
IL,HANCOCK,9106,-0.5
IL,HARDIN,1933,-0.61
IL,HENDERSON,3470,-0.39
IL,HENRY,25181,-0.24
IL,IROQUOIS,13354,-0.57
IL,JACKSON,22582,0.03
IL,JASPER,5438,-0.65
IL,JEFFERSON,16704,-0.48
IL,JERSEY,11743,-0.5
IL,JO DAVIESS,12472,-0.17
IL,JOHNSON,6103,-0.58
IL,KANE,224660,0.09
IL,KANKAKEE,47785,-0.21
IL,KENDALL,66549,0.02
IL,KNOX,22295,-0.09
IL,LAKE,313558,0.21
IL,LASALLE,52688,-0.18
IL,LAWRENCE,6126,-0.56
IL,LEE,16172,-0.22
IL,LIVINGSTON,16621,-0.46
IL,LOGAN,12621,-0.41
IL,MCDONOUGH,12025,-0.19
IL,MCHENRY,163082,-0.05
IL,MCLEAN,87115,0.05
IL,MACON,45509,-0.19
IL,MACOUPIN,23503,-0.39
IL,MADISON,133583,-0.13
IL,MARION,16803,-0.49
IL,MARSHALL,6154,-0.36
IL,MASON,6402,-0.42
IL,MASSAC,6703,-0.49
IL,MENARD,6590,-0.42
IL,MERCER,8373,-0.27
IL,MONROE,21014,-0.36
IL,MONTGOMERY,13246,-0.44
IL,MORGAN,14677,-0.32
IL,MOULTRIE,6547,-0.49
IL,OGLE,25900,-0.29
IL,PEORIA,79722,0.05
IL,PERRY,9265,-0.52
IL,PIATT,9546,-0.3
IL,PIKE,7525,-0.64
IL,POPE,2135,-0.6
IL,PULASKI,2386,-0.34
IL,PUTNAM,3348,-0.23
IL,RANDOLPH,14373,-0.5
IL,RICHLAND,7772,-0.53
IL,ROCK ISLAND,63679,0.1
IL,ST. CLAIR,120572,0.08
IL,SALINE,10629,-0.49
IL,SANGAMON,99773,-0.05
IL,SCHUYLER,3767,-0.47
IL,SCOTT,2592,-0.61
IL,SHELBY,11703,-0.6
IL,STARK,2765,-0.46
IL,STEPHENSON,21076,-0.19
IL,TAZEWELL,68442,-0.26
IL,UNION,8268,-0.43
IL,VERMILION,29651,-0.35
IL,WABASH,5393,-0.54
IL,WARREN,7470,-0.25
IL,WASHINGTON,7597,-0.57
IL,WAYNE,8291,-0.71
IL,WHITE,7085,-0.59
IL,WHITESIDE,26550,-0.15
IL,WILL,328937,0.02
IL,WILLIAMSON,33174,-0.39
IL,WINNEBAGO,122018,0
IL,WOODFORD,21258,-0.42
IN,ADAMS,13986,-0.53
IN,ALLEN,163650,-0.12
IN,BARTHOLOMEW,35588,-0.27
IN,BENTON,3954,-0.47
IN,BLACKFORD,5136,-0.5
IN,BOONE,40283,-0.16
IN,BROWN,8627,-0.33
IN,CARROLL,9184,-0.52
IN,CASS,14213,-0.46
IN,CLARK,58804,-0.2
IN,CLAY,12073,-0.57
IN,CLINTON,12450,-0.48
IN,CRAWFORD,5011,-0.49
IN,DAVIESS,11462,-0.64
IN,DEARBORN,26600,-0.58
IN,DECATUR,12135,-0.58
IN,DEKALB,19831,-0.47
IN,DELAWARE,45881,-0.16
IN,DUBOIS,21464,-0.42
IN,ELKHART,70093,-0.32
IN,FAYETTE,9862,-0.56
IN,FLOYD,41181,-0.15
IN,FOUNTAIN,7982,-0.6
IN,FRANKLIN,12034,-0.64
IN,FULTON,8876,-0.51
IN,GIBSON,15901,-0.51
IN,GRANT,25226,-0.42
IN,GREENE,14653,-0.54
IN,HAMILTON,197767,-0.06
IN,HANCOCK,44584,-0.34
IN,HARRISON,20448,-0.47
IN,HENDRICKS,83453,-0.21
IN,HENRY,20660,-0.48
IN,HOWARD,38897,-0.35
IN,HUNTINGTON,17783,-0.48
IN,JACKSON,18654,-0.55
IN,JASPER,15846,-0.54
IN,JAY,8115,-0.55
IN,JEFFERSON,14355,-0.36
IN,JENNINGS,11809,-0.59
IN,JOHNSON,78059,-0.34
IN,KNOX,15123,-0.5
IN,KOSCIUSKO,35006,-0.52
IN,LAGRANGE,10439,-0.57
IN,LAKE,210102,0.06
IN,LAPORTE,47717,-0.14
IN,LAWRENCE,21220,-0.51
IN,MADISON,55872,-0.27
IN,MARION,354368,0.27
IN,MARSHALL,19616,-0.43
IN,MARTIN,4992,-0.61
IN,MIAMI,13998,-0.54
IN,MONROE,59602,0.27
IN,MONTGOMERY,16627,-0.48
IN,MORGAN,35423,-0.54
IN,NEWTON,6601,-0.57
IN,NOBLE,18992,-0.51
IN,OHIO,3091,-0.55
IN,ORANGE,8612,-0.52
IN,OWEN,9876,-0.51
IN,PARKE,6654,-0.57
IN,PERRY,8683,-0.3
IN,PIKE,6013,-0.55
IN,PORTER,85399,-0.1
IN,POSEY,12978,-0.43
IN,PULASKI,5763,-0.54
IN,PUTNAM,16766,-0.52
IN,RANDOLPH,10564,-0.54
IN,RIPLEY,14405,-0.61
IN,RUSH,7666,-0.54
IN,ST. JOSEPH,110823,0.01
IN,SCOTT,10187,-0.51
IN,SHELBY,19754,-0.48
IN,SPENCER,10442,-0.43
IN,STARKE,10478,-0.52
IN,STEUBEN,16409,-0.42
IN,SULLIVAN,8795,-0.53
IN,SWITZERLAND,4258,-0.57
IN,TIPPECANOE,67194,-0
IN,TIPTON,7998,-0.51
IN,UNION,3494,-0.56
IN,VANDERBURGH,73832,-0.13
IN,VERMILLION,7266,-0.45
IN,VIGO,41023,-0.18
IN,WABASH,13980,-0.51
IN,WARREN,4370,-0.57
IN,WARRICK,33196,-0.3
IN,WASHINGTON,12723,-0.55
IN,WAYNE,26827,-0.32
IN,WELLS,14136,-0.58
IN,WHITE,11176,-0.45
IN,WHITLEY,17774,-0.5
IA,ADAIR,4080,-0.45
IA,ADAMS,2135,-0.44
IA,ALLAMAKEE,7318,-0.34
IA,APPANOOSE,6484,-0.46
IA,AUDUBON,3249,-0.38
IA,BENTON,14509,-0.33
IA,BLACK HAWK,62906,0.01
IA,BOONE,15403,-0.21
IA,BREMER,14607,-0.22
IA,BUCHANAN,10750,-0.28
IA,BUENA VISTA,7537,-0.33
IA,BUTLER,8046,-0.45
IA,CALHOUN,5097,-0.47
IA,CARROLL,11140,-0.42
IA,CASS,7217,-0.41
IA,CEDAR,10644,-0.22
IA,CERRO GORDO,23020,-0.12
IA,CHEROKEE,6105,-0.46
IA,CHICKASAW,6239,-0.37
IA,CLARKE,4479,-0.42
IA,CLAY,8541,-0.43
IA,CLAYTON,9400,-0.34
IA,CLINTON,23878,-0.19
IA,CRAWFORD,6545,-0.43
IA,DALLAS,62961,-0.05
IA,DAVIS,3954,-0.54
IA,DECATUR,3739,-0.47
IA,DELAWARE,10138,-0.39
IA,DES MOINES,19054,-0.15
IA,DICKINSON,11234,-0.4
IA,DUBUQUE,52770,-0.09
IA,EMMET,4798,-0.44
IA,FAYETTE,9848,-0.3
IA,FLOYD,7650,-0.26
IA,FRANKLIN,4900,-0.42
IA,FREMONT,3795,-0.44
IA,GREENE,4881,-0.33
IA,GRUNDY,7146,-0.42
IA,GUTHRIE,6543,-0.38
IA,HAMILTON,7597,-0.33
IA,HANCOCK,5939,-0.47
IA,HARDIN,8460,-0.38
IA,HARRISON,7959,-0.42
IA,HENRY,9600,-0.36
IA,HOWARD,4850,-0.32
IA,HUMBOLDT,5083,-0.5
IA,IDA,3655,-0.53
IA,IOWA,9639,-0.28
IA,JACKSON,10801,-0.33
IA,JASPER,20198,-0.28
IA,JEFFERSON,8346,-0.07
IA,JOHNSON,86644,0.38
IA,JONES,10980,-0.26
IA,KEOKUK,5150,-0.51
IA,KOSSUTH,8397,-0.44
IA,LEE,16198,-0.28
IA,LINN,122959,0.1
IA,LOUISA,5142,-0.41
IA,LUCAS,4646,-0.48
IA,LYON,7002,-0.7
IA,MADISON,10028,-0.38
IA,MAHASKA,10946,-0.52
IA,MARION,19566,-0.38
IA,MARSHALL,17270,-0.15
IA,MILLS,8253,-0.39
IA,MITCHELL,5771,-0.31
IA,MONONA,4637,-0.45
IA,MONROE,4158,-0.51
IA,MONTGOMERY,5074,-0.39
IA,MUSCATINE,19752,-0.15
IA,O'BRIEN,7525,-0.61
IA,OSCEOLA,3229,-0.64
IA,PAGE,7322,-0.42
IA,PALO ALTO,4982,-0.45
IA,PLYMOUTH,13971,-0.54
IA,POCAHONTAS,3582,-0.54
IA,POLK,256838,0.11
IA,POTTAWATTAMIE,44559,-0.2
IA,POWESHIEK,10013,-0.17
IA,RINGGOLD,2686,-0.51
IA,SAC,5460,-0.51
IA,SCOTT,90133,-0.04
IA,SHELBY,6505,-0.43
IA,SIOUX,19001,-0.71
IA,STORY,49526,0.1
IA,TAMA,8616,-0.27
IA,TAYLOR,3081,-0.56
IA,UNION,6013,-0.36
IA,VAN BUREN,3625,-0.55
IA,WAPELLO,14583,-0.31
IA,WARREN,32804,-0.21
IA,WASHINGTON,11588,-0.24
IA,WAYNE,3124,-0.57
IA,WEBSTER,16748,-0.31
IA,WINNEBAGO,5642,-0.31
IA,WINNESHIEK,11979,-0.09
IA,WOODBURY,42921,-0.23
IA,WORTH,4287,-0.28
IA,WRIGHT,5723,-0.36
KS,ALLEN,5620,-0.46
KS,ANDERSON,3802,-0.6
KS,ATCHISON,7284,-0.37
KS,BARBER,2170,-0.72
KS,BARTON,10617,-0.57
KS,BOURBON,6592,-0.54
KS,BROWN,4274,-0.48
KS,BUTLER,32271,-0.41
KS,CHASE,1476,-0.5
KS,CHAUTAUQUA,1528,-0.71
KS,CHEROKEE,8740,-0.53
KS,CHEYENNE,1422,-0.69
KS,CLARK,1014,-0.73
KS,CLAY,4113,-0.56
KS,CLOUD,4061,-0.6
KS,COFFEY,4396,-0.56
KS,COMANCHE,874,-0.68
KS,COWLEY,13554,-0.4
KS,CRAWFORD,16417,-0.25
KS,DECATUR,1454,-0.69
KS,DICKINSON,9154,-0.55
KS,DONIPHAN,3592,-0.63
KS,DOUGLAS,58707,0.38
KS,EDWARDS,1269,-0.65
KS,ELK,1339,-0.7
KS,ELLIS,13568,-0.46
KS,ELLSWORTH,2760,-0.52
KS,FINNEY,10816,-0.35
KS,FORD,8247,-0.38
KS,FRANKLIN,12759,-0.4
KS,GEARY,9187,-0.18
KS,GOVE,1398,-0.77
KS,GRAHAM,1287,-0.66
KS,GRANT,2222,-0.63
KS,GRAY,2193,-0.69
KS,GREELEY,593,-0.73
KS,GREENWOOD,2892,-0.61
KS,HAMILTON,815,-0.66
KS,HARPER,2565,-0.64
KS,HARVEY,16169,-0.21
KS,HASKELL,1279,-0.64
KS,HODGEMAN,966,-0.7
KS,JACKSON,6499,-0.42
KS,JEFFERSON,9975,-0.37
KS,JEWELL,1577,-0.76
KS,JOHNSON,346860,0.08
KS,KEARNY,1301,-0.68
KS,KINGMAN,3947,-0.6
KS,KIOWA,1109,-0.71
KS,LABETTE,7929,-0.38
KS,LANE,845,-0.71
KS,LEAVENWORTH,36756,-0.23
KS,LINCOLN,1507,-0.65
KS,LINN,5029,-0.64
KS,LOGAN,1402,-0.71
KS,LYON,13314,-0.15
KS,MCPHERSON,14167,-0.41
KS,MARION,5879,-0.49
KS,MARSHALL,4968,-0.49
KS,MEADE,1695,-0.7
KS,MIAMI,18750,-0.39
KS,MITCHELL,3173,-0.66
KS,MONTGOMERY,12441,-0.51
KS,MORRIS,2794,-0.46
KS,MORTON,1060,-0.73
KS,NEMAHA,5637,-0.67
KS,NEOSHO,6809,-0.48
KS,NESS,1364,-0.79
KS,NORTON,2275,-0.67
KS,OSAGE,7918,-0.48
KS,OSBORNE,1775,-0.69
KS,OTTAWA,3003,-0.67
KS,PAWNEE,2675,-0.52
KS,PHILLIPS,2750,-0.74
KS,POTTAWATOMIE,13490,-0.48
KS,PRATT,4082,-0.51
KS,RAWLINS,1410,-0.72
KS,RENO,27067,-0.34
KS,REPUBLIC,2455,-0.65
KS,RICE,3971,-0.57
KS,RILEY,24513,0.02
KS,ROOKS,2537,-0.71
KS,RUSH,1607,-0.65
KS,RUSSELL,3315,-0.61
KS,SALINE,23324,-0.31
KS,SCOTT,2136,-0.75
KS,SEDGWICK,215550,-0.14
KS,SEWARD,4573,-0.39
KS,SHAWNEE,82350,0
KS,SHERIDAN,1373,-0.8
KS,SHERMAN,2599,-0.69
KS,SMITH,2012,-0.68
KS,STAFFORD,1911,-0.64
KS,STANTON,664,-0.64
KS,STEVENS,1835,-0.76
KS,SUMNER,10581,-0.5
KS,THOMAS,3674,-0.66
KS,TREGO,1591,-0.71
KS,WABAUNSEE,3860,-0.48
KS,WALLACE,750,-0.85
KS,WASHINGTON,2700,-0.69
KS,WICHITA,860,-0.74
KS,WILSON,3609,-0.62
KS,WOODSON,1506,-0.61
KS,WYANDOTTE,50901,0.24
KY,ADAIR,8974,-0.71
KY,ALLEN,9418,-0.67
KY,ANDERSON,13095,-0.49
KY,BALLARD,4088,-0.65
KY,BARREN,19802,-0.53
KY,BATH,5389,-0.51
KY,BELL,9340,-0.69
KY,BOONE,67421,-0.37
KY,BOURBON,9537,-0.34
KY,BOYD,20951,-0.39
KY,BOYLE,14373,-0.29
KY,BRACKEN,4153,-0.65
KY,BREATHITT,5118,-0.59
KY,BRECKINRIDGE,10048,-0.58
KY,BULLITT,43209,-0.51
KY,BUTLER,5943,-0.66
KY,CALDWELL,6188,-0.58
KY,CALLOWAY,16945,-0.38
KY,CAMPBELL,48334,-0.2
KY,CARLISLE,2610,-0.68
KY,CARROLL,4025,-0.51
KY,CARTER,11422,-0.58
KY,CASEY,7080,-0.76
KY,CHRISTIAN,21671,-0.34
KY,CLARK,17885,-0.35
KY,CLAY,7526,-0.8
KY,CLINTON,4891,-0.76
KY,CRITTENDEN,4010,-0.68
KY,CUMBERLAND,3442,-0.71
KY,DAVIESS,47097,-0.32
KY,EDMONSON,6247,-0.63
KY,ELLIOTT,2914,-0.62
KY,ESTILL,6290,-0.63
KY,FAYETTE,143935,0.18
KY,FLEMING,7000,-0.61
KY,FLOYD,15673,-0.59
KY,FRANKLIN,25763,-0.05
KY,FULTON,2145,-0.4
KY,FULTON,2145,-0.4
KY,GALLATIN,3917,-0.6
KY,GARRARD,8917,-0.6
KY,GRANT,11469,-0.65
KY,GRAVES,16678,-0.62
KY,GRAYSON,12095,-0.62
KY,GREEN,5857,-0.72
KY,GREENUP,17374,-0.51
KY,HANCOCK,4633,-0.48
KY,HARDIN,48082,-0.29
KY,HARLAN,10388,-0.76
KY,HARRISON,9018,-0.48
KY,HART,8409,-0.6
KY,HENDERSON,19688,-0.29
KY,HENRY,8074,-0.53
KY,HICKMAN,2069,-0.61
KY,HOPKINS,20537,-0.51
KY,JACKSON,5944,-0.82
KY,JEFFERSON,355722,0.16
KY,JESSAMINE,26685,-0.36
KY,JOHNSON,9637,-0.71
KY,KENTON,81241,-0.22
KY,KNOTT,6015,-0.59
KY,KNOX,13179,-0.71
KY,LARUE,7259,-0.6
KY,LAUREL,27938,-0.7
KY,LAWRENCE,6574,-0.67
KY,LEE,2695,-0.67
KY,LESLIE,4358,-0.81
KY,LETCHER,8451,-0.64
KY,LEWIS,5721,-0.76
KY,LINCOLN,11034,-0.61
KY,LIVINGSTON,4972,-0.63
KY,LOGAN,12511,-0.55
KY,LYON,4187,-0.53
KY,MCCRACKEN,31947,-0.35
KY,MCCREARY,6212,-0.79
KY,MCLEAN,4634,-0.56
KY,MADISON,45329,-0.31
KY,MAGOFFIN,5282,-0.64
KY,MARION,9102,-0.44
KY,MARSHALL,17602,-0.57
KY,MARTIN,3658,-0.84
KY,MASON,7901,-0.44
KY,MEADE,14123,-0.52
KY,MENIFEE,3300,-0.58
KY,MERCER,11851,-0.51
KY,METCALFE,5127,-0.65
KY,MONROE,5308,-0.77
KY,MONTGOMERY,12821,-0.47
KY,MORGAN,5378,-0.63
KY,MUHLENBERG,13692,-0.54
KY,NELSON,22852,-0.42
KY,NICHOLAS,3319,-0.49
KY,OHIO,10937,-0.6
KY,OLDHAM,38210,-0.23
KY,OWEN,5500,-0.63
KY,OWSLEY,1839,-0.77
KY,PENDLETON,6900,-0.64
KY,PERRY,9992,-0.6
KY,PIKE,23950,-0.65
KY,POWELL,5369,-0.54
KY,PULASKI,31735,-0.65
KY,ROBERTSON,1144,-0.61
KY,ROCKCASTLE,7737,-0.73
KY,ROWAN,9873,-0.28
KY,RUSSELL,8893,-0.72
KY,SCOTT,29769,-0.28
KY,SHELBY,24620,-0.35
KY,SIMPSON,8776,-0.44
KY,SPENCER,11480,-0.57
KY,TAYLOR,12261,-0.57
KY,TODD,5112,-0.58
KY,TRIGG,7196,-0.52
KY,TRIMBLE,4249,-0.56
KY,UNION,6058,-0.58
KY,WARREN,56891,-0.24
KY,WASHINGTON,6341,-0.5
KY,WAYNE,8733,-0.66
KY,WEBSTER,5556,-0.57
KY,WHITLEY,15075,-0.69
KY,WOLFE,2919,-0.5
KY,WOODFORD,14993,-0.14
LA,ACADIA PARISH,26720,-0.64
LA,ALLEN PARISH,8751,-0.61
LA,ASCENSION PARISH,62473,-0.34
LA,ASSUMPTION PARISH,10367,-0.36
LA,AVOYELLES PARISH,16037,-0.43
LA,BEAUREGARD PARISH,15874,-0.71
LA,BIENVILLE PARISH,6256,-0.18
LA,BOSSIER PARISH,52232,-0.43
LA,CADDO PARISH,94699,0.05
LA,CALCASIEU PARISH,81201,-0.4
LA,CALDWELL PARISH,4334,-0.72
LA,CAMERON PARISH,3362,-0.86
LA,CATAHOULA PARISH,4348,-0.51
LA,CLAIBORNE PARISH,5816,-0.22
LA,CONCORDIA PARISH,7755,-0.29
LA,DE SOTO PARISH,13913,-0.35
LA,EAST BATON ROUGE PARISH,190643,0.11
LA,EAST CARROLL PARISH,2306,0.18
LA,EAST FELICIANA PARISH,9947,-0.22
LA,EVANGELINE PARISH,14176,-0.49
LA,FRANKLIN PARISH,8798,-0.49
LA,GRANT PARISH,9018,-0.77
LA,IBERIA PARISH,29331,-0.34
LA,IBERVILLE PARISH,15354,-0.01
LA,JACKSON PARISH,7226,-0.48
LA,JEFFERSON PARISH,178205,-0.13
LA,JEFFERSON DAVIS PARISH,14358,-0.61
LA,LAFAYETTE PARISH,111086,-0.31
LA,LAFOURCHE PARISH,42845,-0.62
LA,LA SALLE PARISH,6620,-0.83
LA,LINCOLN PARISH,18157,-0.25
LA,LIVINGSTON PARISH,65906,-0.68
LA,MADISON PARISH,3992,0.06
LA,MOREHOUSE PARISH,10097,-0.19
LA,NATCHITOCHES PARISH,15040,-0.22
LA,ORLEANS PARISH,159130,0.67
LA,OUACHITA PARISH,64436,-0.28
LA,PLAQUEMINES PARISH,9945,-0.38
LA,POINTE COUPEE PARISH,11570,-0.28
LA,RAPIDES PARISH,53395,-0.37
LA,RED RIVER PARISH,3725,-0.27
LA,RICHLAND PARISH,9193,-0.39
LA,SABINE PARISH,10170,-0.7
LA,ST. BERNARD PARISH,17292,-0.29
LA,ST. CHARLES PARISH,26685,-0.32
LA,ST. HELENA PARISH,5745,0.01
LA,ST. JAMES PARISH,11789,-0.01
LA,ST. JOHN THE BAPTIST PARISH,18827,0.29
LA,ST. LANDRY PARISH,37043,-0.19
LA,ST. MARTIN PARISH,25006,-0.41
LA,ST. MARY PARISH,20897,-0.32
LA,ST. TAMMANY PARISH,138384,-0.44
LA,TANGIPAHOA PARISH,55104,-0.38
LA,TENSAS PARISH,2128,-0.04
LA,TERREBONNE PARISH,41327,-0.52
LA,UNION PARISH,10475,-0.57
LA,VERMILION PARISH,26429,-0.64
LA,VERNON PARISH,16149,-0.68
LA,WASHINGTON PARISH,18455,-0.4
LA,WEBSTER PARISH,16205,-0.37
LA,WEST BATON ROUGE PARISH,13836,-0.12
LA,WEST CARROLL PARISH,4603,-0.74
LA,WEST FELICIANA PARISH,6008,-0.32
LA,WINN PARISH,5781,-0.55
ME,ANDROSCOGGIN,58847,-0.06
ME,AROOSTOOK,35653,-0.26
ME,CUMBERLAND,192656,0.35
ME,FRANKLIN,17836,-0.08
ME,HANCOCK,36253,0.12
ME,KENNEBEC,72886,-0.03
ME,KNOX,25893,0.19
ME,LINCOLN,24003,0.11
ME,OXFORD,34590,-0.13
ME,PENOBSCOT,87073,-0.11
ME,PISCATAQUIS,10205,-0.29
ME,SAGADAHOC,24456,0.17
ME,SOMERSET,28441,-0.27
ME,WALDO,25130,0.03
ME,WASHINGTON,18046,-0.24
ME,YORK,132838,0.11
MD,ALLEGANY,32137,-0.4
MD,ANNE ARUNDEL,311572,0.14
MD,BALTIMORE,412915,0.24
MD,CALVERT,54191,-0.11
MD,CAROLINE,16330,-0.38
MD,CARROLL,102651,-0.25
MD,CECIL,52831,-0.31
MD,CHARLES,92097,0.4
MD,DORCHESTER,16772,-0.15
MD,FREDERICK,156114,0.09
MD,GARRETT,15838,-0.54
MD,HARFORD,150090,-0.14
MD,HOWARD,182291,0.41
MD,KENT,11128,-0.03
MD,MONTGOMERY,519221,0.53
MD,PRINCE GEORGE'S,404009,0.75
MD,QUEEN ANNE'S,32347,-0.28
MD,ST. MARY'S,58954,-0.17
MD,SOMERSET,10137,-0.17
MD,TALBOT,22830,0
MD,WASHINGTON,73332,-0.23
MD,WICOMICO,46912,-0.05
MD,WORCESTER,32881,-0.22
MD,BALTIMORE CITY,230754,0.73
MA,BARNSTABLE,148785,0.21
MA,BERKSHIRE,68674,0.4
MA,BRISTOL,278017,0.01
MA,DUKES,12209,0.52
MA,ESSEX,401851,0.2
MA,FRANKLIN,42248,0.38
MA,HAMPDEN,208604,0.09
MA,HAMPSHIRE,84720,0.42
MA,MIDDLESEX,814832,0.39
MA,NANTUCKET,7118,0.37
MA,NORFOLK,386447,0.29
MA,PLYMOUTH,300129,0.09
MA,SUFFOLK,299193,0.52
MA,WORCESTER,420841,0.1
MI,ALCONA,7487,-0.42
MI,ALGER,5258,-0.2
MI,ALLEGAN,72024,-0.27
MI,ALPENA,17241,-0.29
MI,ANTRIM,16912,-0.24
MI,ARENAC,9163,-0.4
MI,BARAGA,4336,-0.3
MI,BARRY,38683,-0.34
MI,BAY,61338,-0.15
MI,BENZIE,12871,-0.09
MI,BERRIEN,84668,-0.08
MI,BRANCH,21089,-0.42
MI,CALHOUN,68590,-0.14
MI,CASS,27915,-0.34
MI,CHARLEVOIX,17679,-0.17
MI,CHEBOYGAN,16457,-0.31
MI,CHIPPEWA,18387,-0.24
MI,CLARE,17310,-0.37
MI,CLINTON,50074,-0.09
MI,CRAWFORD,8487,-0.34
MI,DELTA,21897,-0.3
MI,DICKINSON,15344,-0.36
MI,EATON,65208,-0.03
MI,EMMET,22901,-0.11
MI,GENESEE,223665,0.04
MI,GLADWIN,15506,-0.41
MI,GOGEBIC,8315,-0.17
MI,GRAND TRAVERSE,62887,-0.02
MI,GRATIOT,19864,-0.31
MI,HILLSDALE,24828,-0.51
MI,HOUGHTON,19405,-0.17
MI,HURON,18969,-0.41
MI,INGHAM,148303,0.3
MI,IONIA,34021,-0.32
MI,IOSCO,15754,-0.31
MI,IRON,7033,-0.29
MI,ISABELLA,30900,-0.07
MI,JACKSON,83827,-0.21
MI,KALAMAZOO,146119,0.18
MI,KALKASKA,11550,-0.43
MI,KENT,372930,0.05
MI,KEWEENAW,1614,-0.13
MI,LAKE,6930,-0.32
MI,LAPEER,55508,-0.4
MI,LEELANAU,17720,0.08
MI,LENAWEE,55093,-0.23
MI,LIVINGSTON,132716,-0.24
MI,LUCE,2991,-0.47
MI,MACKINAC,7248,-0.25
MI,MACOMB,510076,-0.14
MI,MANISTEE,15323,-0.16
MI,MARQUETTE,39009,0.09
MI,MASON,18091,-0.21
MI,MECOSTA,22521,-0.3
MI,MENOMINEE,13087,-0.34
MI,MIDLAND,50379,-0.15
MI,MISSAUKEE,9152,-0.56
MI,MONROE,91488,-0.27
MI,MONTCALM,34845,-0.39
MI,MONTMORENCY,6401,-0.45
MI,MUSKEGON,95181,-0.02
MI,NEWAYGO,29238,-0.43
MI,OAKLAND,773913,0.11
MI,OCEANA,14884,-0.3
MI,OGEMAW,12642,-0.42
MI,ONTONAGON,3844,-0.3
MI,OSCEOLA,13202,-0.48
MI,OSCODA,5197,-0.44
MI,OTSEGO,15999,-0.35
MI,OTTAWA,178507,-0.21
MI,PRESQUE ISLE,8762,-0.29
MI,ROSCOMMON,16073,-0.33
MI,SAGINAW,104000,-0.03
MI,ST. CLAIR,96663,-0.35
MI,ST. JOSEPH,29350,-0.34
MI,SANILAC,23362,-0.48
MI,SCHOOLCRAFT,4898,-0.32
MI,SHIAWASSEE,40752,-0.23
MI,TUSCOLA,30746,-0.43
MI,VAN BUREN,41249,-0.15
MI,WASHTENAW,222169,0.44
MI,WAYNE,859326,0.29
MI,WEXFORD,19499,-0.35
MN,AITKIN,10446,-0.31
MN,ANOKA,210481,-0.04
MN,BECKER,19739,-0.33
MN,BELTRAMI,24874,-0.06
MN,BENTON,22824,-0.36
MN,BIG STONE,2824,-0.29
MN,BLUE EARTH,36442,-0.01
MN,BROWN,14598,-0.35
MN,CARLTON,20815,-0.02
MN,CARVER,69160,-0.05
MN,CASS,19363,-0.33
MN,CHIPPEWA,6318,-0.34
MN,CHISAGO,35601,-0.31
MN,CLAY,32874,0
MN,CLEARWATER,4814,-0.5
MN,COOK,3660,0.35
MN,COTTONWOOD,5988,-0.41
MN,CROW WING,42366,-0.31
MN,DAKOTA,259805,0.13
MN,DODGE,12484,-0.32
MN,DOUGLAS,25106,-0.35
MN,FARIBAULT,7761,-0.37
MN,FILLMORE,12385,-0.25
MN,FREEBORN,16704,-0.21
MN,GOODHUE,28817,-0.16
MN,GRANT,3543,-0.31
MN,HENNEPIN,720173,0.42
MN,HOUSTON,11428,-0.16
MN,HUBBARD,13617,-0.31
MN,ISANTI,25918,-0.41
MN,ITASCA,26840,-0.2
MN,JACKSON,5644,-0.42
MN,KANABEC,9703,-0.42
MN,KANDIYOHI,23283,-0.31
MN,KITTSON,2500,-0.25
MN,KOOCHICHING,6789,-0.26
MN,LAC QUI PARLE,3996,-0.32
MN,LAKE,6954,0.04
MN,LAKE OF THE WOODS,2347,-0.47
MN,LE SUEUR,17469,-0.34
MN,LINCOLN,3235,-0.38
MN,LYON,12990,-0.32
MN,MCLEOD,21199,-0.38
MN,MAHNOMEN,2183,-0.09
MN,MARSHALL,5031,-0.52
MN,MARTIN,10796,-0.39
MN,MEEKER,13694,-0.43
MN,MILLE LACS,15190,-0.41
MN,MORRISON,20313,-0.56
MN,MOWER,18969,-0.11
MN,MURRAY,4769,-0.42
MN,NICOLLET,19417,-0
MN,NOBLES,8275,-0.36
MN,NORMAN,3294,-0.22
MN,OLMSTED,90924,0.11
MN,OTTER TAIL,36736,-0.34
MN,PENNINGTON,7381,-0.31
MN,PINE,16911,-0.35
MN,PIPESTONE,4837,-0.48
MN,POLK,15419,-0.34
MN,POPE,7218,-0.32
MN,RAMSEY,278025,0.43
MN,RED LAKE,2116,-0.37
MN,REDWOOD,8326,-0.43
MN,RENVILLE,8058,-0.41
MN,RICE,36412,-0.02
MN,ROCK,5373,-0.39
MN,ROSEAU,8499,-0.49
MN,ST. LOUIS,119009,0.14
MN,SCOTT,90141,-0.09
MN,SHERBURNE,57960,-0.35
MN,SIBLEY,8537,-0.43
MN,STEARNS,86632,-0.27
MN,STEELE,20872,-0.24
MN,STEVENS,5139,-0.27
MN,SWIFT,5054,-0.34
MN,TODD,13718,-0.53
MN,TRAVERSE,1802,-0.32
MN,WABASHA,13509,-0.28
MN,WADENA,8047,-0.51
MN,WASECA,10387,-0.32
MN,WASHINGTON,169536,0.09
MN,WATONWAN,4933,-0.28
MN,WILKIN,3353,-0.39
MN,WINONA,27797,-0.05
MN,WRIGHT,90041,-0.29
MN,YELLOW MEDICINE,5410,-0.4
MS,ADAMS,11928,0.14
MS,ALCORN,15112,-0.68
MS,AMITE,6815,-0.33
MS,ATTALA,7703,-0.23
MS,BENTON,3884,-0.31
MS,BOLIVAR,10435,0.24
MS,CALHOUN,6034,-0.48
MS,CARROLL,5194,-0.44
MS,CHICKASAW,7234,-0.14
MS,CHOCTAW,3890,-0.49
MS,CLAIBORNE,3541,0.68
MS,CLARKE,7571,-0.35
MS,CLAY,9057,0.1
MS,COAHOMA,6790,0.4
MS,COPIAH,11665,-0.06
MS,COVINGTON,8861,-0.33
MS,DESOTO,79254,-0.24
MS,FORREST,28466,-0.18
MS,FRANKLIN,4066,-0.4
MS,GEORGE,11069,-0.79
MS,GREENE,5649,-0.7
MS,GRENADA,9766,-0.16
MS,HANCOCK,21175,-0.59
MS,HARRISON,76072,-0.29
MS,HINDS,87128,0.46
MS,HOLMES,6730,0.62
MS,HUMPHREYS,3468,0.42
MS,ISSAQUENA,622,-0.01
MS,ITAWAMBA,10621,-0.8
MS,JACKSON,52497,-0.4
MS,JASPER,7890,-0.05
MS,JEFFERSON,3299,0.66
MS,JEFFERSON DAVIS,5378,0.14
MS,JONES,27802,-0.47
MS,KEMPER,4087,0.17
MS,LAFAYETTE,23409,-0.22
MS,LAMAR,28262,-0.49
MS,LAUDERDALE,27452,-0.21
MS,LAWRENCE,6053,-0.36
MS,LEAKE,8380,-0.23
MS,LEE,35338,-0.39
MS,LEFLORE,9434,0.38
MS,LINCOLN,15829,-0.45
MS,LOWNDES,24426,-0.08
MS,MADISON,55935,-0.17
MS,MARION,11208,-0.42
MS,MARSHALL,14983,-0.07
MS,MONROE,16069,-0.36
MS,MONTGOMERY,4427,-0.21
MS,NESHOBA,10873,-0.51
MS,NEWTON,9323,-0.43
MS,NOXUBEE,4449,0.48
MS,OKTIBBEHA,18116,-0
MS,PANOLA,14422,-0.15
MS,PEARL RIVER,24701,-0.67
MS,PERRY,5539,-0.6
MS,PIKE,15519,-0.03
MS,PONTOTOC,14068,-0.68
MS,PRENTISS,10381,-0.66
MS,QUITMAN,2677,0.31
MS,RANKIN,69887,-0.47
MS,SCOTT,9891,-0.24
MS,SHARKEY,1766,0.37
MS,SIMPSON,11094,-0.37
MS,SMITH,7676,-0.61
MS,STONE,7919,-0.58
MS,SUNFLOWER,7876,0.36
MS,TALLAHATCHIE,5012,0.06
MS,TATE,12861,-0.44
MS,TIPPAH,9604,-0.67
MS,TISHOMINGO,9068,-0.79
MS,TUNICA,2672,0.39
MS,UNION,12478,-0.7
MS,WALTHALL,6529,-0.27
MS,WARREN,18298,-0.04
MS,WASHINGTON,14540,0.35
MS,WAYNE,9119,-0.33
MS,WEBSTER,5095,-0.65
MS,WILKINSON,2931,0.25
MS,WINSTON,8393,-0.18
MS,YALOBUSHA,5878,-0.21
MS,YAZOO,8971,-0.02
MO,ADAIR,10291,-0.33
MO,ANDREW,9847,-0.52
MO,ATCHISON,2713,-0.6
MO,AUDRAIN,10523,-0.48
MO,BARRY,16165,-0.64
MO,BARTON,6015,-0.72
MO,BATES,8360,-0.62
MO,BENTON,10769,-0.59
MO,BOLLINGER,6161,-0.75
MO,BOONE,90375,0.1
MO,BUCHANAN,35905,-0.28
MO,BUTLER,17926,-0.64
MO,CALDWELL,4721,-0.61
MO,CALLAWAY,21524,-0.43
MO,CAMDEN,25622,-0.54
MO,CAPE GIRARDEAU,40537,-0.46
MO,CARROLL,4535,-0.64
MO,CARTER,2862,-0.74
MO,CASS,59349,-0.32
MO,CEDAR,7188,-0.7
MO,CHARITON,4089,-0.56
MO,CHRISTIAN,50789,-0.52
MO,CLARK,3333,-0.62
MO,CLAY,130789,-0.06
MO,CLINTON,11267,-0.48
MO,COLE,40152,-0.34
MO,COOPER,8867,-0.46
MO,CRAWFORD,10852,-0.62
MO,DADE,4186,-0.67
MO,DALLAS,8441,-0.65
MO,DAVIESS,3925,-0.63
MO,DEKALB,4814,-0.63
MO,DENT,7103,-0.7
MO,DOUGLAS,7289,-0.72
MO,DUNKLIN,10075,-0.62
MO,FRANKLIN,55699,-0.46
MO,GASCONADE,7997,-0.6
MO,GENTRY,3292,-0.62
MO,GREENE,144876,-0.21
MO,GRUNDY,4414,-0.63
MO,HARRISON,3845,-0.72
MO,HENRY,10932,-0.53
MO,HICKORY,5120,-0.61
MO,HOLT,2356,-0.69
MO,HOWARD,4965,-0.44
MO,HOWELL,19021,-0.67
MO,IRON,4518,-0.63
MO,JACKSON,319728,0.19
MO,JASPER,54041,-0.46
MO,JEFFERSON,119833,-0.37
MO,JOHNSON,23688,-0.39
MO,KNOX,1810,-0.65
MO,LACLEDE,17139,-0.67
MO,LAFAYETTE,17248,-0.49
MO,LAWRENCE,18492,-0.63
MO,LEWIS,4495,-0.6
MO,LINCOLN,32133,-0.56
MO,LINN,5687,-0.57
MO,LIVINGSTON,6873,-0.58
MO,MCDONALD,9364,-0.69
MO,MACON,7839,-0.62
MO,MADISON,5753,-0.65
MO,MARIES,4786,-0.68
MO,MARION,13153,-0.53
MO,MERCER,1792,-0.73
MO,MILLER,13011,-0.67
MO,MISSISSIPPI,4449,-0.54
MO,MONITEAU,7275,-0.63
MO,MONROE,4378,-0.6
MO,MONTGOMERY,5998,-0.6
MO,MORGAN,9735,-0.6
MO,NEW MADRID,6811,-0.54
MO,NEWTON,29200,-0.58
MO,NODAWAY,9720,-0.44
MO,OREGON,4613,-0.69
MO,OSAGE,7745,-0.73
MO,OZARK,4780,-0.7
MO,PEMISCOT,5278,-0.49
MO,PERRY,9844,-0.63
MO,PETTIS,18935,-0.49
MO,PHELPS,19385,-0.43
MO,PIKE,7853,-0.58
MO,PLATTE,58189,-0.03
MO,POLK,15908,-0.61
MO,PULASKI,15604,-0.5
MO,PUTNAM,2380,-0.7
MO,RALLS,5777,-0.59
MO,RANDOLPH,11028,-0.52
MO,RAY,11699,-0.48
MO,REYNOLDS,3059,-0.68
MO,RIPLEY,5804,-0.73
MO,ST. CHARLES,227408,-0.17
MO,ST. CLAIR,5002,-0.6
MO,STE. GENEVIEVE,9803,-0.45
MO,ST. FRANCOIS,28698,-0.51
MO,ST. LOUIS,502738,0.23
MO,SALINE,9330,-0.4
MO,SCHUYLER,1945,-0.64
MO,SCOTLAND,1920,-0.62
MO,SCOTT,17480,-0.59
MO,SHANNON,4018,-0.68
MO,SHELBY,3262,-0.66
MO,STODDARD,13634,-0.74
MO,STONE,19179,-0.61
MO,SULLIVAN,2463,-0.66
MO,TANEY,26824,-0.59
MO,TEXAS,11525,-0.72
MO,VERNON,9001,-0.59
MO,WARREN,20166,-0.49
MO,WASHINGTON,10270,-0.65
MO,WAYNE,5847,-0.73
MO,WEBSTER,19814,-0.62
MO,WORTH,1105,-0.65
MO,WRIGHT,8980,-0.76
MO,ST. LOUIS CITY,116979,0.64
MT,BEAVERHEAD,5794,-0.43
MT,BIG HORN,4470,-0.02
MT,BLAINE,3019,-0.06
MT,BROADWATER,4810,-0.6
MT,CARBON,7297,-0.32
MT,CARTER,854,-0.8
MT,CASCADE,37583,-0.22
MT,CHOUTEAU,2934,-0.32
MT,CUSTER,5801,-0.49
MT,DANIELS,951,-0.66
MT,DAWSON,4638,-0.59
MT,DEER LODGE,4870,0.01
MT,FALLON,1507,-0.76
MT,FERGUS,6712,-0.51
MT,FLATHEAD,63501,-0.34
MT,GALLATIN,70317,0.03
MT,GARFIELD,800,-0.9
MT,GLACIER,5078,0.2
MT,GOLDEN VALLEY,515,-0.72
MT,GRANITE,2176,-0.44
MT,HILL,6804,-0.18
MT,JEFFERSON,8293,-0.37
MT,JUDITH BASIN,1353,-0.58
MT,LAKE,16971,-0.2
MT,LEWIS AND CLARK,42263,-0.06
MT,LIBERTY,988,-0.54
MT,LINCOLN,11789,-0.53
MT,MCCONE,1082,-0.74
MT,MADISON,6462,-0.45
MT,MEAGHER,1172,-0.54
MT,MINERAL,2833,-0.48
MT,MISSOULA,72773,0.21
MT,MUSSELSHELL,3012,-0.72
MT,PARK,11717,-0.08
MT,PETROLEUM,324,-0.76
MT,PHILLIPS,2189,-0.62
MT,PONDERA,2852,-0.42
MT,POWDER RIVER,1106,-0.75
MT,POWELL,3282,-0.54
MT,PRAIRIE,689,-0.62
MT,RAVALLI,30027,-0.4
MT,RICHLAND,5309,-0.68
MT,ROOSEVELT,3914,-0.1
MT,ROSEBUD,3693,-0.37
MT,SANDERS,8072,-0.55
MT,SHERIDAN,1912,-0.42
MT,SILVER BOW,18226,0.07
MT,STILLWATER,5906,-0.62
MT,SWEET GRASS,2381,-0.53
MT,TETON,3568,-0.45
MT,TOOLE,2046,-0.57
MT,TREASURE,442,-0.7
MT,VALLEY,4079,-0.51
MT,WHEATLAND,1086,-0.58
MT,WIBAUX,546,-0.72
MT,YELLOWSTONE,81393,-0.27
NE,ADAMS,14412,-0.42
NE,ANTELOPE,3458,-0.76
NE,ARTHUR,283,-0.87
NE,BANNER,390,-0.81
NE,BLAINE,292,-0.73
NE,BOONE,3040,-0.66
NE,BOX BUTTE,4937,-0.56
NE,BOYD,1076,-0.75
NE,BROWN,1648,-0.75
NE,BUFFALO,23877,-0.45
NE,BURT,3665,-0.45
NE,BUTLER,4607,-0.59
NE,CASS,15830,-0.37
NE,CEDAR,4938,-0.7
NE,CHASE,1868,-0.77
NE,CHERRY,3078,-0.76
NE,CHEYENNE,4552,-0.64
NE,CLAY,3319,-0.63
NE,COLFAX,3519,-0.51
NE,CUMING,4457,-0.6
NE,CUSTER,5909,-0.72
NE,DAKOTA,6138,-0.3
NE,DAWES,3889,-0.47
NE,DAWSON,8522,-0.49
NE,DEUEL,1014,-0.68
NE,DIXON,2904,-0.59
NE,DODGE,16508,-0.32
NE,DOUGLAS,275145,0.1
NE,DUNDY,931,-0.79
NE,FILLMORE,3024,-0.55
NE,FRANKLIN,1605,-0.69
NE,FRONTIER,1413,-0.73
NE,FURNAS,2419,-0.7
NE,GAGE,10965,-0.39
NE,GARDEN,1120,-0.7
NE,GARFIELD,1017,-0.76
NE,GOSPER,1123,-0.63
NE,GRANT,366,-0.92
NE,GREELEY,1235,-0.68
NE,HALL,22901,-0.38
NE,HAMILTON,5573,-0.6
NE,HARLAN,1805,-0.68
NE,HAYES,494,-0.92
NE,HITCHCOCK,1439,-0.78
NE,HOLT,5458,-0.74
NE,HOOKER,427,-0.74
NE,HOWARD,3566,-0.62
NE,JEFFERSON,3639,-0.45
NE,JOHNSON,2163,-0.4
NE,KEARNEY,3615,-0.58
NE,KEITH,4209,-0.64
NE,KEYA PAHA,545,-0.84
NE,KIMBALL,1722,-0.67
NE,KNOX,4448,-0.63
NE,LANCASTER,158734,0.04
NE,LINCOLN,16530,-0.55
NE,LOGAN,442,-0.87
NE,LOUP,428,-0.66
NE,MCPHERSON,284,-0.9
NE,MADISON,15747,-0.56
NE,MERRICK,4368,-0.65
NE,MORRILL,2430,-0.68
NE,NANCE,1844,-0.6
NE,NEMAHA,3439,-0.44
NE,NUCKOLLS,2262,-0.64
NE,OTOE,8227,-0.39
NE,PAWNEE,1385,-0.58
NE,PERKINS,1432,-0.72
NE,PHELPS,4986,-0.68
NE,PIERCE,3910,-0.76
NE,PLATTE,15736,-0.58
NE,POLK,2829,-0.63
NE,RED WILLOW,5339,-0.68
NE,RICHARDSON,3962,-0.51
NE,ROCK,835,-0.79
NE,SALINE,5671,-0.33
NE,SARPY,101299,-0.12
NE,SAUNDERS,13622,-0.46
NE,SCOTTS BLUFF,15095,-0.48
NE,SEWARD,9240,-0.46
NE,SHERIDAN,2497,-0.7
NE,SHERMAN,1692,-0.6
NE,SIOUX,680,-0.76
NE,STANTON,3076,-0.66
NE,THAYER,2863,-0.61
NE,THOMAS,393,-0.77
NE,THURSTON,2123,-0.07
NE,VALLEY,2301,-0.64
NE,WASHINGTON,12607,-0.42
NE,WAYNE,4106,-0.49
NE,WEBSTER,1765,-0.65
NE,WHEELER,486,-0.76
NE,YORK,7020,-0.51
NV,CHURCHILL,13503,-0.5
NV,CLARK,1031223,0.03
NV,DOUGLAS,35556,-0.33
NV,ELKO,22465,-0.57
NV,ESMERALDA,461,-0.66
NV,EUREKA,1036,-0.78
NV,HUMBOLDT,8030,-0.55
NV,LANDER,2725,-0.62
NV,LINCOLN,2472,-0.73
NV,LYON,33541,-0.44
NV,MINERAL,2295,-0.36
NV,NYE,26997,-0.42
NV,PERSHING,2308,-0.55
NV,STOREY,3075,-0.39
NV,WASHOE,263734,0.01
NV,WHITE PINE,4351,-0.57
NV,CARSON CITY CITY,31068,-0.11
NH,BELKNAP,40708,-0.13
NH,CARROLL,34658,-0.02
NH,CHESHIRE,45389,0.1
NH,COOS,17322,-0.14
NH,GRAFTON,55895,0.2
NH,HILLSBOROUGH,234441,0.03
NH,MERRIMACK,92993,0.05
NH,ROCKINGHAM,202930,-0.02
NH,STRAFFORD,76700,0.12
NH,SULLIVAN,25221,-0.01
NJ,ATLANTIC,130209,-0.03
NJ,BERGEN,460685,0.03
NJ,BURLINGTON,230183,0.17
NJ,CAMDEN,247786,0.27
NJ,CAPE MAY,54786,-0.19
NJ,CUMBERLAND,55952,-0.04
NJ,ESSEX,313950,0.45
NJ,GLOUCESTER,165263,-0.03
NJ,HUDSON,232232,0.28
NJ,HUNTERDON,81271,-0.07
NJ,MERCER,163779,0.34
NJ,MIDDLESEX,366639,0.08
NJ,MONMOUTH,361596,-0.11
NJ,MORRIS,286066,-0.03
NJ,OCEAN,338035,-0.36
NJ,PASSAIC,203353,-0.03
NJ,SALEM,31085,-0.19
NJ,SOMERSET,178343,0.14
NJ,SUSSEX,84917,-0.25
NJ,UNION,241923,0.24
NJ,WARREN,60356,-0.21
NM,BERNALILLO,310844,0.21
NM,CATRON,2357,-0.5
NM,CHAVES,22200,-0.45
NM,CIBOLA,8977,0.02
NM,COLFAX,5813,-0.14
NM,CURRY,15223,-0.43
NM,DE BACA,874,-0.51
NM,DONA ANA,85407,0.1
NM,EDDY,23472,-0.56
NM,GRANT,14224,0.05
NM,GUADALUPE,1938,0.01
NM,HARDING,431,-0.39
NM,HIDALGO,1862,-0.23
NM,LEA,21209,-0.62
NM,LINCOLN,10165,-0.39
NM,LOS ALAMOS,12187,0.3
NM,LUNA,8056,-0.19
NM,MCKINLEY,25867,0.24
NM,MORA,2487,0.17
NM,OTERO,24242,-0.27
NM,QUAY,3704,-0.41
NM,RIO ARRIBA,15989,0.19
NM,ROOSEVELT,6639,-0.43
NM,SANDOVAL,79540,0.06
NM,SAN JUAN,52926,-0.32
NM,SAN MIGUEL,11108,0.28
NM,SANTA FE,83719,0.49
NM,SIERRA,5953,-0.19
NM,SOCORRO,7233,-0.04
NM,TAOS,16636,0.47
NM,TORRANCE,7179,-0.38
NM,UNION,1665,-0.52
NM,VALENCIA,33277,-0.16
NY,ALBANY,149677,0.25
NY,ALLEGANY,20451,-0.42
NY,BRONX,364061,0.45
NY,BROOME,91034,0
NY,CATTARAUGUS,34107,-0.33
NY,CAYUGA,36517,-0.13
NY,CHAUTAUQUA,57046,-0.22
NY,CHEMUNG,37560,-0.17
NY,CHENANGO,22655,-0.27
NY,CLINTON,35817,-0.02
NY,COLUMBIA,35897,0.14
NY,CORTLAND,22063,-0.06
NY,DELAWARE,23260,-0.2
NY,DUTCHESS,153413,0.05
NY,ERIE,459926,0.1
NY,ESSEX,19236,0
NY,FRANKLIN,19458,-0.09
NY,FULTON,24053,-0.36
NY,GENESEE,28444,-0.34
NY,GREENE,25440,-0.17
NY,HAMILTON,3439,-0.29
NY,HERKIMER,28857,-0.36
NY,JEFFERSON,43076,-0.23
NY,KINGS,853744,0.43
NY,LEWIS,13032,-0.44
NY,LIVINGSTON,31035,-0.21
NY,MADISON,34019,-0.13
NY,MONROE,364781,0.19
NY,MONTGOMERY,20788,-0.29
NY,NASSAU,715715,-0.04
NY,NEW YORK,660633,0.64
NY,NIAGARA,102918,-0.15
NY,ONEIDA,100814,-0.21
NY,ONONDAGA,229942,0.17
NY,ONTARIO,60352,-0.01
NY,ORANGE,175660,-0.08
NY,ORLEANS,18071,-0.4
NY,OSWEGO,54163,-0.24
NY,OTSEGO,28592,-0.08
NY,PUTNAM,56014,-0.14
NY,QUEENS,715964,0.24
NY,RENSSELAER,79154,0.01
NY,RICHMOND,200558,-0.29
NY,ROCKLAND,150825,-0.12
NY,ST. LAWRENCE,44168,-0.18
NY,SARATOGA,130812,0.02
NY,SCHENECTADY,72610,0.11
NY,SCHOHARIE,16112,-0.3
NY,SCHUYLER,9532,-0.21
NY,SENECA,15105,-0.12
NY,STEUBEN,45575,-0.31
NY,SUFFOLK,765947,-0.1
NY,SULLIVAN,35062,-0.17
NY,TIOGA,24559,-0.23
NY,TOMPKINS,46902,0.5
NY,ULSTER,99172,0.18
NY,WARREN,36075,-0.04
NY,WASHINGTON,28716,-0.21
NY,WAYNE,44668,-0.23
NY,WESTCHESTER,457838,0.26
NY,WYOMING,19166,-0.48
NY,YATES,10609,-0.16
NC,ALAMANCE,89831,-0.08
NC,ALEXANDER,20677,-0.6
NC,ALLEGHANY,6496,-0.52
NC,ANSON,10875,-0.02
NC,ASHE,16253,-0.44
NC,AVERY,9489,-0.52
NC,BEAUFORT,26572,-0.31
NC,BERTIE,9186,0.16
NC,BLADEN,16764,-0.2
NC,BRUNSWICK,109378,-0.25
NC,BUNCOMBE,160510,0.25
NC,BURKE,45847,-0.41
NC,CABARRUS,120202,-0.08
NC,CALDWELL,43540,-0.52
NC,CAMDEN,6304,-0.51
NC,CARTERET,45817,-0.43
NC,CASWELL,12040,-0.25
NC,CATAWBA,87109,-0.38
NC,CHATHAM,52301,0.13
NC,CHEROKEE,17824,-0.57
NC,CHOWAN,7552,-0.22
NC,CLAY,7728,-0.5
NC,CLEVELAND,51706,-0.35
NC,COLUMBUS,26402,-0.34
NC,CRAVEN,56173,-0.2
NC,CUMBERLAND,140513,0.13
NC,CURRITUCK,18053,-0.48
NC,DARE,25196,-0.19
NC,DAVIDSON,93452,-0.47
NC,DAVIE,26850,-0.46
NC,DUPLIN,22898,-0.29
NC,DURHAM,180912,0.62
NC,EDGECOMBE,24448,0.23
NC,FORSYTH,204726,0.13
NC,FRANKLIN,42667,-0.13
NC,GASTON,119256,-0.25
NC,GATES,5868,-0.22
NC,GRAHAM,4779,-0.64
NC,GRANVILLE,32104,-0.09
NC,GREENE,8450,-0.18
NC,GUILFORD,285053,0.22
NC,HALIFAX,23965,0.18
NC,HARNETT,63757,-0.25
NC,HAYWOOD,37851,-0.25
NC,HENDERSON,69974,-0.14
NC,HERTFORD,9843,0.27
NC,HOKE,22767,0.06
NC,HYDE,2421,-0.22
NC,IREDELL,110875,-0.33
NC,JACKSON,21942,-0.09
NC,JOHNSTON,124678,-0.21
NC,JONES,5463,-0.26
NC,LEE,30081,-0.17
NC,LENOIR,27503,-0.07
NC,LINCOLN,55582,-0.46
NC,MCDOWELL,23655,-0.49
NC,MACON,21934,-0.38
NC,MADISON,13621,-0.23
NC,MARTIN,12040,-0.1
NC,MECKLENBURG,577505,0.33
NC,MITCHELL,8842,-0.56
NC,MONTGOMERY,13206,-0.38
NC,MOORE,61790,-0.29
NC,NASH,52471,-0.02
NC,NEW HANOVER,138734,0.01
NC,NORTHAMPTON,9215,0.14
NC,ONSLOW,81681,-0.36
NC,ORANGE,87807,0.51
NC,PAMLICO,7976,-0.32
NC,PASQUOTANK,20343,-0.05
NC,PENDER,38909,-0.35
NC,PERQUIMANS,7666,-0.39
NC,PERSON,22036,-0.24
NC,PITT,87130,0.06
NC,POLK,13068,-0.25
NC,RANDOLPH,76008,-0.57
NC,RICHMOND,19873,-0.21
NC,ROBESON,46770,-0.28
NC,ROCKINGHAM,49595,-0.36
NC,ROWAN,75394,-0.36
NC,RUTHERFORD,34670,-0.48
NC,SAMPSON,28201,-0.3
NC,SCOTLAND,14626,-0.07
NC,STANLY,36714,-0.51
NC,STOKES,27175,-0.59
NC,SURRY,37508,-0.53
NC,SWAIN,7052,-0.24
NC,TRANSYLVANIA,20780,-0.12
NC,TYRRELL,1757,-0.22
NC,UNION,139355,-0.25
NC,VANCE,20092,0.13
NC,WAKE,653580,0.26
NC,WARREN,10013,0.19
NC,WASHINGTON,5944,0.06
NC,WATAUGA,33095,0.06
NC,WAYNE,54762,-0.16
NC,WILKES,36320,-0.6
NC,WILSON,40045,0
NC,YADKIN,20397,-0.62
NC,YANCEY,11283,-0.34
ND,ADAMS,1201,-0.62
ND,BARNES,5339,-0.35
ND,BENSON,2002,-0.18
ND,BILLINGS,647,-0.7
ND,BOTTINEAU,3447,-0.55
ND,BOWMAN,1618,-0.73
ND,BURKE,1056,-0.74
ND,BURLEIGH,52263,-0.43
ND,CASS,90851,-0.08
ND,CAVALIER,1987,-0.49
ND,DICKEY,2453,-0.52
ND,DIVIDE,1201,-0.55
ND,DUNN,2242,-0.69
ND,EDDY,1205,-0.45
ND,EMMONS,1930,-0.77
ND,FOSTER,1703,-0.58
ND,GOLDEN VALLEY,991,-0.73
ND,GRAND FORKS,31411,-0.18
ND,GRANT,1306,-0.67
ND,GRIGGS,1289,-0.51
ND,HETTINGER,1306,-0.69
ND,KIDDER,1398,-0.64
ND,LAMOURE,2123,-0.55
ND,LOGAN,1033,-0.76
ND,MCHENRY,2752,-0.63
ND,MCINTOSH,1390,-0.65
ND,MCKENZIE,5521,-0.69
ND,MCLEAN,5421,-0.58
ND,MERCER,4555,-0.69
ND,MORTON,17036,-0.53
ND,MOUNTRAIL,4073,-0.43
ND,NELSON,1761,-0.32
ND,OLIVER,1087,-0.69
ND,PEMBINA,3112,-0.53
ND,PIERCE,1970,-0.54
ND,RAMSEY,5239,-0.4
ND,RANSOM,2649,-0.28
ND,RENVILLE,1208,-0.67
ND,RICHLAND,8261,-0.38
ND,ROLETTE,4075,0.28
ND,SARGENT,2043,-0.32
ND,SHERIDAN,757,-0.72
ND,SIOUX,953,0.39
ND,SLOPE,389,-0.82
ND,STARK,15100,-0.65
ND,STEELE,1015,-0.25
ND,STUTSMAN,10134,-0.44
ND,TOWNER,1114,-0.46
ND,TRAILL,4115,-0.31
ND,WALSH,4496,-0.45
ND,WARD,28552,-0.47
ND,WELLS,2253,-0.63
ND,WILLIAMS,15122,-0.68
OH,ADAMS,12429,-0.66
OH,ALLEN,46576,-0.44
OH,ASHLAND,26730,-0.5
OH,ASHTABULA,43575,-0.28
OH,ATHENS,26014,0.11
OH,AUGLAIZE,25730,-0.64
OH,BELMONT,31049,-0.47
OH,BROWN,21512,-0.61
OH,BUTLER,184106,-0.26
OH,CARROLL,13853,-0.55
OH,CHAMPAIGN,20564,-0.51
OH,CLARK,63206,-0.29
OH,CLERMONT,114683,-0.36
OH,CLINTON,20870,-0.54
OH,COLUMBIANA,48246,-0.49
OH,COSHOCTON,16420,-0.52
OH,CRAWFORD,20336,-0.53
OH,CUYAHOGA,581515,0.31
OH,DARKE,27112,-0.65
OH,DEFIANCE,19260,-0.4
OH,DELAWARE,134383,-0.07
OH,ERIE,39937,-0.14
OH,FAIRFIELD,84457,-0.24
OH,FAYETTE,12615,-0.55
OH,FRANKLIN,604184,0.28
OH,FULTON,22564,-0.42
OH,GALLIA,13034,-0.59
OH,GEAUGA,55189,-0.24
OH,GREENE,90707,-0.2
OH,GUERNSEY,17626,-0.52
OH,HAMILTON,413213,0.15
OH,HANCOCK,38018,-0.38
OH,HARDIN,12908,-0.55
OH,HARRISON,7120,-0.55
OH,HENRY,14975,-0.47
OH,HIGHLAND,20005,-0.63
OH,HOCKING,13512,-0.44
OH,HOLMES,12386,-0.69
OH,HURON,27349,-0.44
OH,JACKSON,14332,-0.58
OH,JEFFERSON,31417,-0.44
OH,KNOX,32277,-0.45
OH,LAKE,129159,-0.14
OH,LAWRENCE,26836,-0.5
OH,LICKING,95581,-0.3
OH,LOGAN,23512,-0.56
OH,LORAIN,159807,-0.06
OH,LUCAS,192489,0.12
OH,MADISON,20762,-0.43
OH,MAHONING,113233,-0.09
OH,MARION,27470,-0.41
OH,MEDINA,107519,-0.25
OH,MEIGS,10422,-0.57
OH,MERCER,23826,-0.66
OH,MIAMI,59438,-0.45
OH,MONROE,6815,-0.6
OH,MONTGOMERY,256544,0.01
OH,MORGAN,6803,-0.53
OH,MORROW,18932,-0.56
OH,MUSKINGUM,39394,-0.44
OH,NOBLE,6184,-0.64
OH,OTTAWA,24042,-0.25
OH,PAULDING,9328,-0.56
OH,PERRY,17005,-0.55
OH,PICKAWAY,29413,-0.48
OH,PIKE,12242,-0.54
OH,PORTAGE,83619,-0.15
OH,PREBLE,21766,-0.59
OH,PUTNAM,19840,-0.68
OH,RICHLAND,58362,-0.42
OH,ROSS,33065,-0.39
OH,SANDUSKY,29827,-0.31
OH,SCIOTO,31225,-0.48
OH,SENECA,25404,-0.37
OH,SHELBY,25362,-0.65
OH,STARK,184193,-0.22
OH,SUMMIT,274455,0.07
OH,TRUMBULL,97096,-0.17
OH,TUSCARAWAS,43211,-0.43
OH,UNION,37567,-0.29
OH,VAN WERT,14806,-0.58
OH,VINTON,5766,-0.58
OH,WARREN,140759,-0.31
OH,WASHINGTON,31123,-0.44
OH,WAYNE,53150,-0.39
OH,WILLIAMS,18314,-0.48
OH,WOOD,67586,-0.1
OH,WYANDOT,11445,-0.51
OK,ADAIR,7256,-0.63
OK,ALFALFA,2160,-0.77
OK,ATOKA,5662,-0.72
OK,BEAVER,2124,-0.84
OK,BECKHAM,7678,-0.7
OK,BLAINE,3786,-0.63
OK,BRYAN,17812,-0.59
OK,CADDO,9496,-0.47
OK,CANADIAN,73074,-0.4
OK,CARTER,19488,-0.55
OK,CHEROKEE,17823,-0.33
OK,CHOCTAW,5639,-0.65
OK,CIMARRON,935,-0.85
OK,CLEVELAND,119294,-0.15
OK,COAL,2538,-0.71
OK,COMANCHE,34284,-0.23
OK,COTTON,2506,-0.67
OK,CRAIG,6056,-0.58
OK,CREEK,31312,-0.56
OK,CUSTER,10168,-0.53
OK,DELAWARE,18108,-0.6
OK,DEWEY,2215,-0.8
OK,ELLIS,1812,-0.77
OK,GARFIELD,21844,-0.54
OK,GARVIN,10991,-0.66
OK,GRADY,25283,-0.63
OK,GRANT,2125,-0.71
OK,GREER,1836,-0.66
OK,HARMON,882,-0.62
OK,HARPER,1451,-0.78
OK,HASKELL,4936,-0.7
OK,HUGHES,4659,-0.63
OK,JACKSON,8053,-0.58
OK,JEFFERSON,2375,-0.72
OK,JOHNSTON,4230,-0.66
OK,KAY,16913,-0.49
OK,KINGFISHER,6754,-0.71
OK,KIOWA,3278,-0.58
OK,LATIMER,4079,-0.66
OK,LE FLORE,18754,-0.65
OK,LINCOLN,15465,-0.63
OK,LOGAN,24149,-0.49
OK,LOVE,4260,-0.66
OK,MCCLAIN,21397,-0.61
OK,MCCURTAIN,11309,-0.69
OK,MCINTOSH,8439,-0.53
OK,MAJOR,3478,-0.79
OK,MARSHALL,6589,-0.63
OK,MAYES,17374,-0.57
OK,MURRAY,5885,-0.61
OK,MUSKOGEE,24357,-0.37
OK,NOBLE,4957,-0.57
OK,NOWATA,4561,-0.67
OK,OKFUSKEE,3988,-0.56
OK,OKLAHOMA,288923,-0.02
OK,OKMULGEE,14349,-0.43
OK,OSAGE,20628,-0.41
OK,OTTAWA,11178,-0.53
OK,PAWNEE,6880,-0.59
OK,PAYNE,29279,-0.25
OK,PITTSBURG,17572,-0.59
OK,PONTOTOC,15174,-0.47
OK,POTTAWATOMIE,28774,-0.47
OK,PUSHMATAHA,4702,-0.73
OK,ROGER MILLS,1733,-0.8
OK,ROGERS,46902,-0.55
OK,SEMINOLE,8044,-0.5
OK,SEQUOYAH,15583,-0.62
OK,STEPHENS,18620,-0.64
OK,TEXAS,5206,-0.68
OK,TILLMAN,2533,-0.59
OK,TULSA,256939,-0.15
OK,WAGONER,38501,-0.5
OK,WASHINGTON,23174,-0.48
OK,WASHITA,4652,-0.75
OK,WOODS,3638,-0.64
OK,WOODWARD,7312,-0.72
OR,BAKER,9694,-0.49
OR,BENTON,50232,0.39
OR,CLACKAMAS,246240,0.1
OR,CLATSOP,23290,0.11
OR,COLUMBIA,31334,-0.14
OR,COOS,35735,-0.2
OR,CROOK,16297,-0.5
OR,CURRY,14200,-0.16
OR,DESCHUTES,127375,0.1
OR,DOUGLAS,61807,-0.37
OR,GILLIAM,1134,-0.45
OR,GRANT,4456,-0.6
OR,HARNEY,4255,-0.59
OR,HOOD RIVER,12707,0.36
OR,JACKSON,119572,-0.06
OR,JEFFERSON,11750,-0.3
OR,JOSEPHINE,49628,-0.29
OR,KLAMATH,35515,-0.42
OR,LAKE,4213,-0.65
OR,LANE,211285,0.23
OR,LINCOLN,29804,0.18
OR,LINN,71429,-0.24
OR,MALHEUR,10945,-0.44
OR,MARION,156691,-0.02
OR,MORROW,4732,-0.48
OR,MULTNOMAH,414250,0.62
OR,POLK,47593,-0.04
OR,SHERMAN,1163,-0.56
OR,TILLAMOOK,16252,-0.01
OR,UMATILLA,31225,-0.38
OR,UNION,14574,-0.4
OR,WALLOWA,5108,-0.35
OR,WASCO,13391,-0.06
OR,WASHINGTON,297949,0.34
OR,WHEELER,868,-0.47
OR,YAMHILL,57800,-0.06
PA,ADAMS,60871,-0.34
PA,ALLEGHENY,723799,0.2
PA,ARMSTRONG,37209,-0.53
PA,BEAVER,95194,-0.21
PA,BEDFORD,28218,-0.68
PA,BERKS,210426,-0.12
PA,BLAIR,65140,-0.43
PA,BRADFORD,31274,-0.48
PA,BUCKS,402349,-0
PA,BUTLER,121878,-0.32
PA,CAMBRIA,71345,-0.4
PA,CAMERON,2227,-0.5
PA,CARBON,35436,-0.35
PA,CENTRE,81153,0.03
PA,CHESTER,326429,0.14
PA,CLARION,19783,-0.53
PA,CLEARFIELD,40515,-0.51
PA,CLINTON,18567,-0.41
PA,COLUMBIA,32709,-0.31
PA,CRAWFORD,42999,-0.39
PA,CUMBERLAND,149068,-0.09
PA,DAUPHIN,150081,0.06
PA,DELAWARE,329215,0.24
PA,ELK,17213,-0.47
PA,ERIE,137979,-0.01
PA,FAYETTE,63543,-0.38
PA,FOREST,2660,-0.44
PA,FRANKLIN,84163,-0.43
PA,FULTON,8182,-0.73
PA,GREENE,17236,-0.45
PA,HUNTINGDON,23206,-0.53
PA,INDIANA,42337,-0.39
PA,JEFFERSON,23183,-0.58
PA,JUNIATA,12139,-0.61
PA,LACKAWANNA,116925,0.03
PA,LANCASTER,290672,-0.16
PA,LAWRENCE,47255,-0.34
PA,LEBANON,73986,-0.32
PA,LEHIGH,190368,0.03
PA,LUZERNE,156432,-0.19
PA,LYCOMING,59846,-0.41
PA,MCKEAN,19750,-0.47
PA,MERCER,58591,-0.3
PA,MIFFLIN,22120,-0.56
PA,MONROE,85752,-0.01
PA,MONTGOMERY,523138,0.23
PA,MONTOUR,9947,-0.21
PA,NORTHAMPTON,178695,-0.02
PA,NORTHUMBERLAND,43635,-0.4
PA,PERRY,25819,-0.49
PA,PHILADELPHIA,723610,0.59
PA,PIKE,35031,-0.24
PA,POTTER,9118,-0.62
PA,SCHUYLKILL,73361,-0.42
PA,SNYDER,20081,-0.47
PA,SOMERSET,40987,-0.57
PA,SULLIVAN,3730,-0.47
PA,SUSQUEHANNA,22471,-0.45
PA,TIOGA,21646,-0.52
PA,UNION,21257,-0.23
PA,VENANGO,26809,-0.42
PA,WARREN,20792,-0.39
PA,WASHINGTON,121956,-0.26
PA,WAYNE,29516,-0.37
PA,WESTMORELAND,212098,-0.28
PA,WYOMING,15095,-0.37
PA,YORK,250136,-0.25
RI,BRISTOL,28335,0.26
RI,KENT,93148,0.02
RI,NEWPORT,44618,0.25
RI,PROVIDENCE,269679,0.14
RI,WASHINGTON,76036,0.15
SC,ABBEVILLE,12048,-0.42
SC,AIKEN,86091,-0.26
SC,ALLENDALE,3023,0.45
SC,ANDERSON,98296,-0.47
SC,BAMBERG,5694,0.15
SC,BARNWELL,9803,-0.16
SC,BEAUFORT,104403,-0.14
SC,BERKELEY,112834,-0.16
SC,CALHOUN,7914,-0.14
SC,CHARLESTON,214521,0.06
SC,CHEROKEE,24839,-0.51
SC,CHESTER,15556,-0.17
SC,CHESTERFIELD,18391,-0.28
SC,CLARENDON,16320,-0.12
SC,COLLETON,18276,-0.18
SC,DARLINGTON,30331,-0.13
SC,DILLON,11861,-0.11
SC,DORCHESTER,77764,-0.15
SC,EDGEFIELD,13919,-0.32
SC,FAIRFIELD,11215,0.13
SC,FLORENCE,61140,-0.08
SC,GEORGETOWN,37754,-0.19
SC,GREENVILLE,263316,-0.22
SC,GREENWOOD,30888,-0.29
SC,HAMPTON,8233,0.06
SC,HORRY,205954,-0.38
SC,JASPER,18227,-0.1
SC,KERSHAW,33533,-0.28
SC,LANCASTER,54427,-0.25
SC,LAURENS,30213,-0.41
SC,LEE,8076,0.18
SC,LEXINGTON,146903,-0.34
SC,MCCORMICK,6153,-0.17
SC,MARION,13388,0.11
SC,MARLBORO,10152,0.02
SC,NEWBERRY,18129,-0.34
SC,OCONEE,42264,-0.52
SC,ORANGEBURG,36970,0.25
SC,PICKENS,60451,-0.53
SC,RICHLAND,182411,0.35
SC,SALUDA,9014,-0.44
SC,SPARTANBURG,155597,-0.34
SC,SUMTER,45170,0.05
SC,UNION,12289,-0.33
SC,WILLIAMSBURG,14330,0.22
SC,YORK,150059,-0.19
SD,AURORA,1393,-0.54
SD,BEADLE,7010,-0.4
SD,BENNETT,1088,-0.26
SD,BON HOMME,2992,-0.51
SD,BROOKINGS,14939,-0.17
SD,BROWN,17043,-0.27
SD,BRULE,2423,-0.42
SD,BUFFALO,466,0.27
SD,BUTTE,5082,-0.61
SD,CAMPBELL,836,-0.7
SD,CHARLES MIX,3615,-0.43
SD,CLARK,1842,-0.53
SD,CLAY,5657,0.07
SD,CODINGTON,13510,-0.41
SD,CORSON,1143,-0.12
SD,CUSTER,6001,-0.46
SD,DAVISON,9177,-0.38
SD,DAY,2932,-0.3
SD,DEUEL,2298,-0.52
SD,DEWEY,1871,0.13
SD,DOUGLAS,1658,-0.72
SD,EDMUNDS,2031,-0.61
SD,FALL RIVER,4274,-0.49
SD,FAULK,1130,-0.65
SD,GRANT,3630,-0.45
SD,GREGORY,2267,-0.6
SD,HAAKON,1125,-0.8
SD,HAMLIN,3226,-0.6
SD,HAND,1764,-0.57
SD,HANSON,2046,-0.59
SD,HARDING,820,-0.86
SD,HUGHES,8435,-0.3
SD,HUTCHINSON,3736,-0.58
SD,HYDE,695,-0.55
SD,JACKSON,1129,-0.35
SD,JERAULD,999,-0.43
SD,JONES,550,-0.76
SD,KINGSBURY,2801,-0.44
SD,LAKE,5906,-0.31
SD,LAWRENCE,15409,-0.31
SD,LINCOLN,36393,-0.26
SD,LYMAN,1447,-0.39
SD,MCCOOK,3031,-0.49
SD,MCPHERSON,1299,-0.69
SD,MARSHALL,2109,-0.24
SD,MEADE,14672,-0.51
SD,MELLETTE,740,-0.2
SD,MINER,1167,-0.47
SD,MINNEHAHA,93986,-0.13
SD,MOODY,3189,-0.32
SD,PENNINGTON,56580,-0.27
SD,PERKINS,1591,-0.7
SD,POTTER,1298,-0.65
SD,ROBERTS,4149,-0.23
SD,SANBORN,1212,-0.55
SD,OGLALA LAKOTA,3062,0.71
SD,SPINK,3139,-0.39
SD,STANLEY,1735,-0.47
SD,SULLY,901,-0.61
SD,TODD,2126,0.5
SD,TRIPP,2654,-0.63
SD,TURNER,4538,-0.51
SD,UNION,8876,-0.41
SD,WALWORTH,2466,-0.59
SD,YANKTON,10832,-0.26
SD,ZIEBACH,781,-0.03
TN,ANDERSON,36548,-0.36
TN,BEDFORD,20090,-0.58
TN,BENTON,7260,-0.63
TN,BLEDSOE,6191,-0.7
TN,BLOUNT,69224,-0.48
TN,BRADLEY,49473,-0.59
TN,CAMPBELL,15528,-0.7
TN,CANNON,6881,-0.66
TN,CARROLL,11882,-0.61
TN,CARTER,24852,-0.63
TN,CHEATHAM,20741,-0.46
TN,CHESTER,7577,-0.65
TN,CLAIBORNE,13534,-0.7
TN,CLAY,3763,-0.67
TN,COCKE,15663,-0.68
TN,COFFEE,25026,-0.55
TN,CROCKETT,5930,-0.59
TN,CUMBERLAND,34730,-0.59
TN,DAVIDSON,292189,0.27
TN,DECATUR,5466,-0.69
TN,DEKALB,9416,-0.63
TN,DICKSON,25204,-0.52
TN,DYER,14409,-0.62
TN,FAYETTE,23751,-0.42
TN,FENTRESS,9771,-0.76
TN,FRANKLIN,19769,-0.53
TN,GIBSON,21710,-0.52
TN,GILES,13487,-0.55
TN,GRAINGER,11130,-0.74
TN,GREENE,31095,-0.66
TN,GRUNDY,6328,-0.69
TN,HAMBLEN,25501,-0.59
TN,HAMILTON,174438,-0.13
TN,HANCOCK,2908,-0.77
TN,HARDEMAN,9399,-0.24
TN,HARDIN,12094,-0.71
TN,HAWKINS,26321,-0.69
TN,HAYWOOD,6652,0
TN,HENDERSON,12047,-0.68
TN,HENRY,15110,-0.55
TN,HICKMAN,10309,-0.61
TN,HOUSTON,3810,-0.58
TN,HUMPHREYS,8264,-0.56
TN,JACKSON,5676,-0.62
TN,JEFFERSON,25885,-0.64
TN,JOHNSON,8118,-0.69
TN,KNOX,223658,-0.19
TN,LAKE,1939,-0.55
TN,LAUDERDALE,8266,-0.37
TN,LAWRENCE,19565,-0.69
TN,LEWIS,5890,-0.66
TN,LINCOLN,16128,-0.65
TN,LOUDON,33377,-0.53
TN,MCMINN,24072,-0.64
TN,MCNAIRY,11267,-0.69
TN,MACON,10346,-0.74
TN,MADISON,40164,-0.18
TN,MARION,13933,-0.56
TN,MARSHALL,16001,-0.57
TN,MAURY,52090,-0.45
TN,MEIGS,6099,-0.68
TN,MONROE,22323,-0.67
TN,MONTGOMERY,81983,-0.18
TN,MOORE,3654,-0.69
TN,MORGAN,8560,-0.74
TN,OBION,12900,-0.65
TN,OVERTON,11090,-0.64
TN,PERRY,3716,-0.7
TN,PICKETT,2954,-0.66
TN,POLK,8727,-0.68
TN,PUTNAM,35097,-0.47
TN,RHEA,14444,-0.67
TN,ROANE,27412,-0.54
TN,ROBERTSON,35070,-0.51
TN,RUTHERFORD,148201,-0.22
TN,SCOTT,9605,-0.8
TN,SEQUATCHIE,7890,-0.66
TN,SEVIER,43970,-0.61
TN,SHELBY,328159,0.25
TN,SMITH,9366,-0.65
TN,STEWART,6620,-0.64
TN,SULLIVAN,75541,-0.55
TN,SUMNER,98164,-0.42
TN,TIPTON,26733,-0.53
TN,TROUSDALE,4258,-0.59
TN,UNICOI,8565,-0.62
TN,UNION,8686,-0.71
TN,VAN BUREN,3265,-0.67
TN,WARREN,17050,-0.56
TN,WASHINGTON,61234,-0.4
TN,WAYNE,6831,-0.77
TN,WEAKLEY,13394,-0.58
TN,WHITE,12931,-0.67
TN,WILLIAMSON,144668,-0.32
TN,WILSON,81618,-0.4
TX,ANDERSON,19381,-0.62
TX,ANDREWS,6066,-0.73
TX,ANGELINA,34476,-0.52
TX,ARANSAS,13031,-0.56
TX,ARCHER,5132,-0.79
TX,ARMSTRONG,1109,-0.86
TX,ATASCOSA,18468,-0.43
TX,AUSTIN,15415,-0.62
TX,BAILEY,1741,-0.61
TX,BANDERA,13600,-0.62
TX,BASTROP,39917,-0.18
TX,BAYLOR,1675,-0.77
TX,BEE,8800,-0.4
TX,BELL,131013,-0.16
TX,BEXAR,760463,0.1
TX,BLANCO,8523,-0.52
TX,BORDEN,387,-0.91
TX,BOSQUE,9586,-0.67
TX,BOWIE,36711,-0.49
TX,BRAZORIA,162046,-0.2
TX,BRAZOS,91961,-0.25
TX,BREWSTER,4578,-0.13
TX,BRISCOE,745,-0.8
TX,BROOKS,2402,0.1
TX,BROWN,16853,-0.74
TX,BURLESON,9369,-0.63
TX,BURNET,28153,-0.56
TX,CALDWELL,15737,-0.14
TX,CALHOUN,7841,-0.52
TX,CALLAHAN,6988,-0.77
TX,CAMERON,116309,-0.06
TX,CAMP,5253,-0.53
TX,CARSON,3177,-0.81
TX,CASS,14143,-0.66
TX,CASTRO,2023,-0.58
TX,CHAMBERS,24973,-0.66
TX,CHEROKEE,20507,-0.63
TX,CHILDRESS,2272,-0.76
TX,CLAY,5908,-0.8
TX,COCHRAN,893,-0.66
TX,COKE,1814,-0.8
TX,COLEMAN,4164,-0.79
TX,COLLIN,517690,-0.11
TX,COLLINGSWORTH,1201,-0.78
TX,COLORADO,10012,-0.57
TX,COMAL,103792,-0.45
TX,COMANCHE,6544,-0.74
TX,CONCHO,1198,-0.74
TX,COOKE,20487,-0.67
TX,CORYELL,23926,-0.41
TX,COTTLE,658,-0.72
TX,CRANE,1390,-0.73
TX,CROCKETT,1417,-0.54
TX,CROSBY,1880,-0.51
TX,CULBERSON,781,-0.17
TX,DALLAM,1447,-0.78
TX,DALLAS,853336,0.22
TX,DAWSON,3513,-0.61
TX,DEAF SMITH,4286,-0.52
TX,DELTA,2658,-0.7
TX,DENTON,451020,-0.13
TX,DEWITT,7825,-0.67
TX,DICKENS,993,-0.7
TX,DIMMIT,3427,0.03
TX,DONLEY,1712,-0.78
TX,DUVAL,4461,-0.1
TX,EASTLAND,8364,-0.77
TX,ECTOR,42690,-0.53
TX,EDWARDS,1005,-0.73
TX,ELLIS,99818,-0.31
TX,EL PASO,252005,0.15
TX,ERATH,18400,-0.68
TX,FALLS,6277,-0.45
TX,FANNIN,16395,-0.67
TX,FAYETTE,13359,-0.61
TX,FISHER,1834,-0.63
TX,FLOYD,2090,-0.65
TX,FOARD,545,-0.65
TX,FORT BEND,363515,0.02
TX,FRANKLIN,5311,-0.69
TX,FREESTONE,9052,-0.66
TX,FRIO,4939,-0.25
TX,GAINES,6416,-0.83
TX,GALVESTON,159424,-0.27
TX,GARZA,1599,-0.73
TX,GILLESPIE,16492,-0.61
TX,GLASSCOCK,663,-0.88
TX,GOLIAD,3987,-0.6
TX,GONZALES,7769,-0.55
TX,GRAY,7580,-0.77
TX,GRAYSON,66041,-0.54
TX,GREGG,46738,-0.42
TX,GRIMES,14051,-0.6
TX,GUADALUPE,85350,-0.29
TX,HALE,9285,-0.58
TX,HALL,1149,-0.73
TX,HAMILTON,4480,-0.71
TX,HANSFORD,1999,-0.85
TX,HARDEMAN,1405,-0.73
TX,HARDIN,28157,-0.76
TX,HARRIS,1557484,0.05
TX,HARRISON,30243,-0.51
TX,HARTLEY,2022,-0.83
TX,HASKELL,2247,-0.72
TX,HAYS,126235,0.06
TX,HEMPHILL,1614,-0.76
TX,HENDERSON,38603,-0.63
TX,HIDALGO,217507,-0.03
TX,HILL,16706,-0.64
TX,HOCKLEY,8011,-0.66
TX,HOOD,36656,-0.66
TX,HOPKINS,16778,-0.65
TX,HOUSTON,9373,-0.55
TX,HOWARD,9650,-0.63
TX,HUDSPETH,1038,-0.47
TX,HUNT,46733,-0.55
TX,HUTCHINSON,8256,-0.77
TX,IRION,868,-0.76
TX,JACK,4201,-0.82
TX,JACKSON,6329,-0.71
TX,JASPER,15860,-0.67
TX,JEFF DAVIS,1169,-0.21
TX,JEFFERSON,86433,-0.09
TX,JIM HOGG,1585,0.08
TX,JIM WELLS,13268,-0.16
TX,JOHNSON,80930,-0.51
TX,JONES,6947,-0.73
TX,KARNES,5075,-0.58
TX,KAUFMAN,69538,-0.28
TX,KENDALL,29438,-0.55
TX,KENEDY,158,-0.47
TX,KENT,445,-0.76
TX,KERR,28170,-0.54
TX,KIMBLE,2404,-0.77
TX,KING,135,-0.91
TX,KINNEY,1424,-0.5
TX,KLEBERG,10031,-0.13
TX,KNOX,1376,-0.68
TX,LAMAR,21285,-0.61
TX,LAMB,4163,-0.64
TX,LAMPASAS,11321,-0.6
TX,LA SALLE,2360,-0.21
TX,LAVACA,10497,-0.76
TX,LEE,8427,-0.6
TX,LEON,9081,-0.77
TX,LIBERTY,31323,-0.62
TX,LIMESTONE,9093,-0.57
TX,LIPSCOMB,1259,-0.8
TX,LIVE OAK,5093,-0.7
TX,LLANO,13629,-0.61
TX,LOVING,97,-0.78
TX,LUBBOCK,125038,-0.39
TX,LYNN,2567,-0.7
TX,MCCULLOCH,3513,-0.73
TX,MCLENNAN,99672,-0.31
TX,MCMULLEN,487,-0.84
TX,MADISON,5489,-0.64
TX,MARION,4714,-0.53
TX,MARTIN,2083,-0.76
TX,MASON,2529,-0.65
TX,MATAGORDA,13327,-0.5
TX,MAVERICK,15745,-0.19
TX,MEDINA,24617,-0.43
TX,MENARD,1040,-0.66
TX,MIDLAND,58968,-0.6
TX,MILAM,11098,-0.57
TX,MILLS,2742,-0.77
TX,MITCHELL,2514,-0.71
TX,MONTAGUE,11123,-0.77
TX,MONTGOMERY,307258,-0.45
TX,MOORE,5370,-0.67
TX,MORRIS,5446,-0.51
TX,MOTLEY,650,-0.89
TX,NACOGDOCHES,25486,-0.39
TX,NAVARRO,19867,-0.52
TX,NEWTON,5751,-0.66
TX,NOLAN,5122,-0.59
TX,NUECES,121678,-0.11
TX,OCHILTREE,3015,-0.81
TX,OLDHAM,977,-0.84
TX,ORANGE,36377,-0.67
TX,PALO PINTO,13336,-0.67
TX,PANOLA,11458,-0.66
TX,PARKER,91104,-0.66
TX,PARMER,2506,-0.7
TX,PECOS,4245,-0.45
TX,POLK,24291,-0.59
TX,POTTER,32121,-0.44
TX,PRESIDIO,1994,0.3
TX,RAINS,6568,-0.73
TX,RANDALL,66901,-0.6
TX,REAGAN,949,-0.69
TX,REAL,1958,-0.67
TX,RED RIVER,5796,-0.62
TX,REEVES,3439,-0.37
TX,REFUGIO,3075,-0.4
TX,ROBERTS,572,-0.92
TX,ROBERTSON,8172,-0.52
TX,ROCKWALL,62513,-0.41
TX,RUNNELS,4056,-0.77
TX,RUSK,21741,-0.59
TX,SABINE,5581,-0.78
TX,SAN AUGUSTINE,3747,-0.56
TX,SAN JACINTO,12806,-0.65
TX,SAN PATRICIO,25579,-0.36
TX,SAN SABA,2709,-0.79
TX,SCHLEICHER,1108,-0.64
TX,SCURRY,5721,-0.74
TX,SHACKELFORD,1728,-0.82
TX,SHELBY,9959,-0.64
TX,SHERMAN,876,-0.88
TX,SMITH,104186,-0.45
TX,SOMERVELL,5294,-0.71
TX,STARR,16431,-0.16
TX,STEPHENS,3761,-0.79
TX,STERLING,629,-0.86
TX,STONEWALL,716,-0.69
TX,SUTTON,1401,-0.67
TX,SWISHER,2265,-0.63
TX,TARRANT,826076,-0.05
TX,TAYLOR,55417,-0.5
TX,TERRELL,405,-0.55
TX,TERRY,3426,-0.65
TX,THROCKMORTON,900,-0.83
TX,TITUS,10214,-0.55
TX,TOM GREEN,45461,-0.48
TX,TRAVIS,583975,0.39
TX,TRINITY,7374,-0.67
TX,TYLER,9593,-0.73
TX,UPSHUR,19887,-0.71
TX,UPTON,1303,-0.77
TX,UVALDE,9772,-0.33
TX,VAL VERDE,14612,-0.27
TX,VAN ZANDT,27997,-0.75
TX,VICTORIA,35305,-0.43
TX,WALKER,25214,-0.4
TX,WALLER,27561,-0.25
TX,WARD,3765,-0.66
TX,WASHINGTON,18265,-0.55
TX,WEBB,65937,-0.02
TX,WHARTON,16471,-0.52
TX,WHEELER,2274,-0.85
TX,WICHITA,44530,-0.44
TX,WILBARGER,4467,-0.61
TX,WILLACY,5563,-0.03
TX,WILLIAMSON,309515,-0.03
TX,WILSON,27320,-0.54
TX,WINKLER,1933,-0.71
TX,WISE,38243,-0.7
TX,WOOD,24386,-0.7
TX,YOAKUM,2397,-0.71
TX,YOUNG,8314,-0.76
TX,ZAPATA,4871,-0.23
TX,ZAVALA,3492,0.14
UT,BEAVER,3223,-0.74
UT,BOX ELDER,29332,-0.6
UT,CACHE,61388,-0.34
UT,CARBON,9527,-0.44
UT,DAGGETT,551,-0.62
UT,DAVIS,170616,-0.24
UT,DUCHESNE,9027,-0.75
UT,EMERY,5037,-0.74
UT,GARFIELD,2828,-0.59
UT,GRAND,5325,0.09
UT,IRON,28166,-0.56
UT,JUAB,6578,-0.75
UT,KANE,4516,-0.47
UT,MILLARD,6451,-0.75
UT,MORGAN,6950,-0.58
UT,PIUTE,969,-0.78
UT,RICH,1454,-0.69
UT,SALT LAKE,516891,0.1
UT,SAN JUAN,6390,-0.16
UT,SANPETE,13121,-0.67
UT,SEVIER,10991,-0.75
UT,SUMMIT,26224,0.15
UT,TOOELE,34366,-0.4
UT,UINTAH,15929,-0.73
UT,UTAH,305271,-0.39
UT,WASATCH,18716,-0.27
UT,WASHINGTON,98352,-0.52
UT,WAYNE,1660,-0.52
UT,WEBER,113549,-0.23
VT,ADDISON,22607,0.35
VT,BENNINGTON,20710,0.22
VT,CALEDONIA,16633,0.12
VT,CHITTENDEN,97329,0.53
VT,ESSEX,3425,-0.16
VT,FRANKLIN,26743,0.03
VT,GRAND ISLE,5001,0.21
VT,LAMOILLE,14844,0.36
VT,ORANGE,17672,0.2
VT,ORLEANS,14765,-0.02
VT,RUTLAND,34102,0.05
VT,WASHINGTON,35369,0.43
VT,WINDHAM,25933,0.42
VT,WINDSOR,34289,0.35
VA,ACCOMACK,17176,-0.13
VA,ALBEMARLE,67224,0.34
VA,ALLEGHANY,8293,-0.48
VA,AMELIA,8049,-0.44
VA,AMHERST,17358,-0.36
VA,APPOMATTOX,9685,-0.51
VA,ARLINGTON,129561,0.58
VA,AUGUSTA,44417,-0.47
VA,BATH,2583,-0.54
VA,BEDFORD,51081,-0.5
VA,BLAND,3555,-0.7
VA,BOTETOURT,21978,-0.45
VA,BRUNSWICK,7751,0.09
VA,BUCHANAN,9337,-0.7
VA,BUCKINGHAM,7925,-0.23
VA,CAMPBELL,31287,-0.48
VA,CAROLINE,17698,-0.09
VA,CARROLL,16200,-0.63
VA,CHARLES CITY,4353,0.11
VA,CHARLOTTE,6020,-0.32
VA,CHESTERFIELD,210628,0.09
VA,CLARKE,9839,-0.17
VA,CRAIG,3135,-0.64
VA,CULPEPER,28679,-0.25
VA,CUMBERLAND,5501,-0.22
VA,DICKENSON,7060,-0.62
VA,DINWIDDIE,15611,-0.23
VA,ESSEX,6074,-0.08
VA,FAIRFAX,589427,0.35
VA,FAUQUIER,44768,-0.21
VA,FLOYD,9666,-0.37
VA,FLUVANNA,16743,-0.06
VA,FRANKLIN,31020,-0.45
VA,FREDERICK,52263,-0.28
VA,GILES,9263,-0.54
VA,GLOUCESTER,23228,-0.38
VA,GOOCHLAND,19742,-0.18
VA,GRAYSON,8119,-0.62
VA,GREENE,12106,-0.25
VA,GREENSVILLE,4303,0.09
VA,HALIFAX,17871,-0.21
VA,HANOVER,73404,-0.26
VA,HENRICO,181489,0.29
VA,HENRY,25474,-0.33
VA,HIGHLAND,1535,-0.44
VA,ISLE OF WIGHT,24762,-0.2
VA,JAMES CITY,51274,0.06
VA,KING AND QUEEN,4188,-0.26
VA,KING GEORGE,15437,-0.25
VA,KING WILLIAM,11583,-0.41
VA,LANCASTER,7313,-0.07
VA,LEE,10122,-0.72
VA,LOUDOUN,229692,0.16
VA,LOUISA,24144,-0.26
VA,LUNENBURG,5885,-0.23
VA,MADISON,8480,-0.35
VA,MATHEWS,5945,-0.39
VA,MECKLENBURG,16304,-0.21
VA,MIDDLESEX,6907,-0.27
VA,MONTGOMERY,47053,0.04
VA,NELSON,9430,-0.07
VA,NEW KENT,16807,-0.32
VA,NORTHAMPTON,6856,0.06
VA,NORTHUMBERLAND,8232,-0.21
VA,NOTTOWAY,6869,-0.22
VA,ORANGE,22353,-0.25
VA,PAGE,13251,-0.54
VA,PATRICK,9719,-0.6
VA,PITTSYLVANIA,34156,-0.43
VA,POWHATAN,20914,-0.44
VA,PRINCE EDWARD,9460,-0.02
VA,PRINCE GEORGE,17633,-0.21
VA,PRINCE WILLIAM,228712,0.18
VA,PULASKI,17744,-0.45
VA,RAPPAHANNOCK,5065,-0.18
VA,RICHMOND,4168,-0.3
VA,ROANOKE,57048,-0.22
VA,ROCKBRIDGE,12828,-0.34
VA,ROCKINGHAM,48853,-0.37
VA,RUSSELL,13547,-0.67
VA,SCOTT,11077,-0.7
VA,SHENANDOAH,24489,-0.42
VA,SMYTH,14468,-0.6
VA,SOUTHAMPTON,9856,-0.25
VA,SPOTSYLVANIA,79514,-0.09
VA,STAFFORD,83539,0.01
VA,SURRY,4441,-0.01
VA,SUSSEX,4900,0.04
VA,TAZEWELL,19906,-0.69
VA,WARREN,22679,-0.37
VA,WASHINGTON,29518,-0.53
VA,WESTMORELAND,10607,-0.14
VA,WISE,16812,-0.63
VA,WYTHE,15475,-0.59
VA,YORK,39749,-0.06
VA,ALEXANDRIA CITY,80904,0.57
VA,CHESAPEAKE CITY,128001,0.04
VA,FREDERICKSBURG CITY,13578,0.31
VA,HAMPTON CITY,62823,0.4
VA,LYNCHBURG CITY,37023,-0.08
VA,MANASSAS CITY,16100,0.15
VA,NEWPORT NEWS CITY,75909,0.29
VA,NORFOLK CITY,86009,0.41
VA,PETERSBURG CITY,13119,0.73
VA,POQUOSON CITY,8065,-0.46
VA,RICHMOND CITY,108731,0.66
VA,SUFFOLK CITY,53545,0.16
VA,VIRGINIA BEACH CITY,228771,0.03
WA,ADAMS,5365,-0.43
WA,ASOTIN,11468,-0.25
WA,BENTON,100693,-0.22
WA,CHELAN,42191,-0.09
WA,CLALLAM,48663,0.08
WA,CLARK,276578,0.07
WA,COLUMBIA,2485,-0.43
WA,COWLITZ,59325,-0.2
WA,DOUGLAS,21182,-0.27
WA,FERRY,4119,-0.33
WA,FRANKLIN,31897,-0.22
WA,GARFIELD,1352,-0.48
WA,GRANT,36253,-0.37
WA,GRAYS HARBOR,37793,-0.06
WA,ISLAND,52449,0.16
WA,JEFFERSON,24698,0.45
WA,KING,1130502,0.51
WA,KITSAP,156872,0.21
WA,KITTITAS,26499,-0.14
WA,KLICKITAT,13607,-0.09
WA,LEWIS,45338,-0.33
WA,LINCOLN,7144,-0.5
WA,MASON,36689,-0.02
WA,OKANOGAN,20732,-0.15
WA,PACIFIC,14244,-0.01
WA,PEND OREILLE,8545,-0.39
WA,PIERCE,439581,0.11
WA,SAN JUAN,13006,0.51
WA,SKAGIT,70256,0.09
WA,SKAMANIA,7355,-0.11
WA,SNOHOMISH,418221,0.19
WA,SPOKANE,287082,-0.05
WA,STEVENS,28246,-0.44
WA,THURSTON,164537,0.2
WA,WAHKIAKUM,3062,-0.18
WA,WALLA WALLA,29568,-0.08
WA,WHATCOM,137868,0.25
WA,WHITMAN,20027,0.09
WA,YAKIMA,88751,-0.14
WV,BARBOUR,6395,-0.61
WV,BERKELEY,56102,-0.36
WV,BOONE,8142,-0.57
WV,BRAXTON,5313,-0.52
WV,BROOKE,9782,-0.45
WV,CABELL,35612,-0.22
WV,CALHOUN,2936,-0.65
WV,CLAY,3241,-0.62
WV,DODDRIDGE,2956,-0.73
WV,FAYETTE,15622,-0.42
WV,GILMER,2344,-0.57
WV,GRANT,5569,-0.79
WV,GREENBRIER,14996,-0.42
WV,HAMPSHIRE,10520,-0.62
WV,HANCOCK,13035,-0.47
WV,HARDY,6412,-0.58
WV,HARRISON,29501,-0.41
WV,JACKSON,12822,-0.56
WV,JEFFERSON,29317,-0.16
WV,KANAWHA,75538,-0.17
WV,LEWIS,7050,-0.59
WV,LINCOLN,7189,-0.62
WV,LOGAN,11469,-0.67
WV,MCDOWELL,5427,-0.6
WV,MARION,24646,-0.31
WV,MARSHALL,13235,-0.5
WV,MASON,10549,-0.58
WV,MERCER,23645,-0.57
WV,MINERAL,12904,-0.6
WV,MINGO,8490,-0.74
WV,MONONGALIA,41698,-0.04
WV,MONROE,6376,-0.62
WV,MORGAN,9134,-0.55
WV,NICHOLAS,10037,-0.6
WV,OHIO,18768,-0.26
WV,PENDLETON,3425,-0.59
WV,PLEASANTS,3348,-0.59
WV,POCAHONTAS,3901,-0.5
WV,PRESTON,14469,-0.57
WV,PUTNAM,27616,-0.46
WV,RALEIGH,30971,-0.54
WV,RANDOLPH,11595,-0.46
WV,RITCHIE,4051,-0.73
WV,ROANE,5522,-0.54
WV,SUMMERS,5264,-0.51
WV,TAYLOR,7289,-0.51
WV,TUCKER,3638,-0.49
WV,TYLER,3617,-0.67
WV,UPSHUR,9862,-0.57
WV,WAYNE,15747,-0.53
WV,WEBSTER,2998,-0.67
WV,WETZEL,6171,-0.56
WV,WIRT,2581,-0.66
WV,WOOD,37440,-0.43
WV,WYOMING,7565,-0.73
WI,ADAMS,12882,-0.26
WI,ASHLAND,8955,0.05
WI,BARRON,26809,-0.29
WI,BAYFIELD,11240,0.11
WI,BROWN,149333,-0.07
WI,BUFFALO,8100,-0.3
WI,BURNETT,10810,-0.31
WI,CALUMET,32916,-0.2
WI,CHIPPEWA,38471,-0.23
WI,CLARK,15340,-0.39
WI,COLUMBIA,34914,-0.05
WI,CRAWFORD,9105,-0.14
WI,DANE,365929,0.52
WI,DODGE,50300,-0.33
WI,DOOR,20944,0.02
WI,DOUGLAS,25234,0.05
WI,DUNN,25678,-0.16
WI,EAU CLAIRE,63177,0.11
WI,FLORENCE,3158,-0.5
WI,FOND DU LAC,58527,-0.29
WI,FOREST,5097,-0.33
WI,GRANT,27306,-0.18
WI,GREEN,22076,0
WI,GREEN LAKE,11052,-0.36
WI,IOWA,14677,0.08
WI,IRON,4084,-0.26
WI,JACKSON,10502,-0.2
WI,JEFFERSON,50146,-0.16
WI,JUNEAU,14553,-0.32
WI,KENOSHA,90680,-0.06
WI,KEWAUNEE,12484,-0.34
WI,LA CROSSE,72261,0.09
WI,LAFAYETTE,8832,-0.2
WI,LANGLADE,11664,-0.35
WI,LINCOLN,17209,-0.25
WI,MANITOWOC,46316,-0.23
WI,MARATHON,78826,-0.19
WI,MARINETTE,24415,-0.38
WI,MARQUETTE,9427,-0.3
WI,MENOMINEE,1572,0.62
WI,MILWAUKEE,464107,0.38
WI,MONROE,23369,-0.26
WI,OCONTO,24912,-0.43
WI,ONEIDA,24895,-0.18
WI,OUTAGAMIE,111932,-0.1
WI,OZAUKEE,63472,-0.11
WI,PEPIN,4354,-0.29
WI,PIERCE,25392,-0.17
WI,POLK,28222,-0.31
WI,PORTAGE,43258,0.01
WI,PRICE,8856,-0.31
WI,RACINE,107686,-0.06
WI,RICHLAND,9323,-0.13
WI,ROCK,88310,0.07
WI,RUSK,8270,-0.38
WI,ST. CROIX,60642,-0.19
WI,SAUK,37584,-0.02
WI,SAWYER,11140,-0.16
WI,SHAWANO,23500,-0.36
WI,SHEBOYGAN,67562,-0.16
WI,TAYLOR,11186,-0.48
WI,TREMPEALEAU,16079,-0.21
WI,VERNON,16609,-0.08
WI,VILAS,16135,-0.23
WI,WALWORTH,60597,-0.22
WI,WASHBURN,10978,-0.28
WI,WASHINGTON,91407,-0.36
WI,WAUKESHA,275787,-0.2
WI,WAUPACA,30403,-0.33
WI,WAUSHARA,14363,-0.35
WI,WINNEBAGO,95371,-0.05
WI,WOOD,42216,-0.2
WY,ALBANY,17877,-0.03
WY,BIG HORN,5735,-0.72
WY,CAMPBELL,18342,-0.76
WY,CARBON,6387,-0.58
WY,CONVERSE,6739,-0.73
WY,CROOK,4344,-0.77
WY,FREMONT,17256,-0.37
WY,GOSHEN,6174,-0.61
WY,HOT SPRINGS,2620,-0.61
WY,JOHNSON,4898,-0.63
WY,LARAMIE,43362,-0.32
WY,LINCOLN,10840,-0.68
WY,NATRONA,33921,-0.48
WY,NIOBRARA,1234,-0.81
WY,PARK,16743,-0.59
WY,PLATTE,4765,-0.65
WY,SHERIDAN,16425,-0.49
WY,SUBLETTE,4924,-0.61
WY,SWEETWATER,16698,-0.53
WY,TETON,13286,0.35
WY,UINTA,9089,-0.63
WY,WASHAKIE,3877,-0.64
WY,WESTON,3512,-0.77
